"","Age 0","Age 1","Age 2","Age 3","Age 4","Age 5","Age 6","Age 7","Age 8","Age 9","Age 10","Age 11","Age 12","Age 13","Age 14","Age 15","Age 16","Age 17","Age 18","Age 19","Age 20"
"Reader",1,1,1,1,1,1,1,1,1,1,1,1,1,1,1,1,1,1,1,1,1
"True_Age",0,1,2,3,4,5,6,7,8,9,10,11,12,13,14,15,16,17,18,19,20
"CV",0.220836,0.220836,0.147801,0.121596,0.107204,0.0976128,0.0904821,0.0848043,0.0800728,0.0760036,0.072424,0.0692225,0.0663233,0.0636725,0.0612306,0.0589676,0.0568602,0.05489,0.0530418,0.0513033,0.0496639
"SD",0.220836,0.220836,0.295602,0.364789,0.428815,0.488064,0.542893,0.59363,0.640583,0.684032,0.72424,0.761447,0.795879,0.827742,0.857228,0.884514,0.909764,0.93313,0.954753,0.974762,0.993279
"Expected_age",0.5,1.5,2.5,3.5,4.5,5.5,6.5,7.5,8.5,9.5,10.5,11.5,12.5,13.5,14.5,15.5,16.5,17.5,18.5,19.5,20.5
