"","Age 0","Age 1","Age 2","Age 3","Age 4","Age 5","Age 6","Age 7","Age 8","Age 9","Age 10","Age 11","Age 12","Age 13","Age 14"
"Reader",1,1,1,1,1,1,1,1,1,1,1,1,1,1,1
"True_Age",0,1,2,3,4,5,6,7,8,9,10,11,12,13,14
"CV",0.20681,0.20681,0.130485,0.107046,0.0969945,0.0924464,0.090787,0.0909087,0.0922705,0.0945843,0.0976898,0.101497,0.105961,0.11106,0.116795
"SD",0.20681,0.20681,0.26097,0.321137,0.387978,0.462232,0.544722,0.636361,0.738164,0.851259,0.976898,1.11647,1.27153,1.44378,1.63514
"Expected_age",0.5,1.5,2.5,3.5,4.5,5.5,6.5,7.5,8.5,9.5,10.5,11.5,12.5,13.5,14.5
