"","Age 0","Age 1","Age 2","Age 3","Age 4","Age 5","Age 6","Age 7","Age 8","Age 9","Age 10","Age 11","Age 12","Age 13","Age 14"
"Reader",2,2,2,2,2,2,2,2,2,2,2,2,2,2,2
"True_Age",0,1,2,3,4,5,6,7,8,9,10,11,12,13,14
"CV",0.108461,0.108461,0.108461,0.108461,0.108461,0.108461,0.108461,0.108461,0.108461,0.10857,0.19411,0.272581,0.277936,0.279887,0.280897
"SD",0.108461,0.108461,0.216921,0.325382,0.433842,0.542303,0.650764,0.759224,0.867686,0.977129,1.9411,2.99839,3.33523,3.63854,3.93256
"Expected_age",0.5,1.5,2.5,3.5,4.5,5.5,6.5,7.5,8.5,9.5,10.5,11.5,12.5,13.5,14.5
