"","Age 0","Age 1","Age 2","Age 3","Age 4","Age 5","Age 6","Age 7","Age 8","Age 9","Age 10","Age 11","Age 12","Age 13","Age 14"
"Reader",2,2,2,2,2,2,2,2,2,2,2,2,2,2,2
"True_Age",0,1,2,3,4,5,6,7,8,9,10,11,12,13,14
"CV",0.023124,0.023124,0.1242,0.129195,0.118395,0.105342,0.0932561,0.0828312,0.0740437,0.0666768,0.0604875,0.0552573,0.0508047,0.0469834,0.0436772
"SD",0.023124,0.023124,0.248399,0.387584,0.473579,0.52671,0.559537,0.579818,0.592349,0.600091,0.604875,0.60783,0.609656,0.610784,0.611481
"Expected_age",0.5,1.5,2.5,3.5,4.5,5.5,6.5,7.5,8.5,9.5,10.5,11.5,12.5,13.5,14.5
