"","Age 0","Age 1","Age 2","Age 3","Age 4","Age 5","Age 6","Age 7","Age 8","Age 9","Age 10","Age 11","Age 12","Age 13","Age 14"
"Reader",2,2,2,2,2,2,2,2,2,2,2,2,2,2,2
"True_Age",0,1,2,3,4,5,6,7,8,9,10,11,12,13,14
"CV",0.162273,0.162273,0.162273,0.162273,0.162273,0.162273,0.162273,0.162273,0.162273,0.162273,0.162273,0.162273,0.162273,0.162273,0.162273
"SD",0.162273,0.162273,0.324545,0.486818,0.64909,0.811363,0.973636,1.13591,1.29818,1.46045,1.62273,1.785,1.94727,2.10954,2.27182
"Expected_age",0.5,1.5,2.5,3.5,4.5,5.5,6.5,7.5,8.5,9.5,10.5,11.5,12.5,13.5,14.5
