"","Age 0","Age 1","Age 2","Age 3","Age 4","Age 5","Age 6","Age 7","Age 8","Age 9","Age 10","Age 11","Age 12","Age 13","Age 14"
"Reader",2,2,2,2,2,2,2,2,2,2,2,2,2,2,2
"True_Age",0,1,2,3,4,5,6,7,8,9,10,11,12,13,14
"CV",0.0649373,0.0649373,0.0324686,0.0216458,0.0162343,0.0129875,0.0108229,0.00927676,0.00811716,0.00721525,0.00649376,0.00590717,0.00591808,0.0734161,0.142544
"SD",0.0649373,0.0649373,0.0649373,0.0649373,0.0649373,0.0649373,0.0649373,0.0649373,0.0649373,0.0649373,0.0649376,0.0649788,0.0710169,0.95441,1.99562
"Expected_age",0.5,1.5,2.5,3.5,4.5,5.5,6.5,7.5,8.5,9.5,10.5,11.5,12.5,13.5,14.5
