"","Age 0","Age 1","Age 2","Age 3","Age 4","Age 5","Age 6","Age 7","Age 8","Age 9","Age 10","Age 11","Age 12","Age 13","Age 14"
"Reader",1,1,1,1,1,1,1,1,1,1,1,1,1,1,1
"True_Age",0,1,2,3,4,5,6,7,8,9,10,11,12,13,14
"CV",0.304667,0.304667,0.186903,0.151199,0.136421,0.130392,0.129101,0.130879,0.134938,0.140892,0.14856,0.157882,0.168873,0.181609,0.196205
"SD",0.304667,0.304667,0.373806,0.453598,0.545684,0.651958,0.774606,0.916152,1.07951,1.26803,1.4856,1.7367,2.02648,2.36091,2.74687
"Expected_age",0.5,1.5,2.5,3.5,4.5,5.5,6.5,7.5,8.5,9.5,10.5,11.5,12.5,13.5,14.5
