"","Age 0","Age 1","Age 2","Age 3","Age 4","Age 5","Age 6","Age 7","Age 8","Age 9","Age 10","Age 11","Age 12","Age 13","Age 14"
"Reader",1,1,1,1,1,1,1,1,1,1,1,1,1,1,1
"True_Age",0,1,2,3,4,5,6,7,8,9,10,11,12,13,14
"CV",0.19182,0.19182,0.133128,0.108008,0.097256,0.0926543,0.0906848,0.0898418,0.0894811,0.0893266,0.0892605,0.0892323,0.0892202,0.089215,0.0892128
"SD",0.19182,0.19182,0.266256,0.324023,0.389024,0.463272,0.544109,0.628893,0.715848,0.80394,0.892605,0.981555,1.07064,1.15979,1.24898
"Expected_age",0.5,1.5,2.5,3.5,4.5,5.5,6.5,7.5,8.5,9.5,10.5,11.5,12.5,13.5,14.5
