"","Age 0","Age 1","Age 2","Age 3","Age 4","Age 5","Age 6","Age 7","Age 8","Age 9","Age 10","Age 11","Age 12","Age 13","Age 14"
"Reader",2,2,2,2,2,2,2,2,2,2,2,2,2,2,2
"True_Age",0,1,2,3,4,5,6,7,8,9,10,11,12,13,14
"CV",0.281988,0.281988,0.163991,0.126927,0.110347,0.102191,0.098469,0.0974975,0.0984636,0.100944,0.104715,0.109664,0.11575,0.122978,0.131389
"SD",0.281988,0.281988,0.327983,0.38078,0.441386,0.510956,0.590814,0.682483,0.787709,0.908497,1.04715,1.20631,1.389,1.59872,1.83945
"Expected_age",0.5,1.5,2.5,3.5,4.5,5.5,6.5,7.5,8.5,9.5,10.5,11.5,12.5,13.5,14.5
