"","Age 0","Age 1","Age 2","Age 3","Age 4","Age 5","Age 6","Age 7","Age 8","Age 9","Age 10","Age 11","Age 12","Age 13","Age 14"
"Reader",2,2,2,2,2,2,2,2,2,2,2,2,2,2,2
"True_Age",0,1,2,3,4,5,6,7,8,9,10,11,12,13,14
"CV",0.216086,0.216086,0.147648,0.122358,0.108031,0.098214,0.0907481,0.0846995,0.0795956,0.0751688,0.0712544,0.0677446,0.0645646,0.0616604,0.0589915
"SD",0.216086,0.216086,0.295295,0.367075,0.432123,0.49107,0.544488,0.592897,0.636765,0.676519,0.712544,0.745191,0.774776,0.801586,0.825881
"Expected_age",0.5,1.5,2.5,3.5,4.5,5.5,6.5,7.5,8.5,9.5,10.5,11.5,12.5,13.5,14.5
