"","Age 0","Age 1","Age 2","Age 3","Age 4","Age 5","Age 6","Age 7","Age 8","Age 9","Age 10","Age 11","Age 12","Age 13","Age 14"
"Reader",2,2,2,2,2,2,2,2,2,2,2,2,2,2,2
"True_Age",0,1,2,3,4,5,6,7,8,9,10,11,12,13,14
"CV",0.187671,0.187671,0.146932,0.118023,0.0975091,0.0829516,0.0726214,0.0652908,0.0600889,0.0563975,0.053778,0.0519192,0.0506001,0.0496641,0.0489998
"SD",0.187671,0.187671,0.293865,0.35407,0.390036,0.414758,0.435728,0.457036,0.480711,0.507578,0.53778,0.571111,0.607201,0.645633,0.685998
"Expected_age",0.5,1.5,2.5,3.5,4.5,5.5,6.5,7.5,8.5,9.5,10.5,11.5,12.5,13.5,14.5
