"","Age 0","Age 1","Age 2","Age 3","Age 4","Age 5","Age 6","Age 7","Age 8","Age 9","Age 10","Age 11","Age 12","Age 13","Age 14"
"Reader",2,2,2,2,2,2,2,2,2,2,2,2,2,2,2
"True_Age",0,1,2,3,4,5,6,7,8,9,10,11,12,13,14
"CV",0.264574,0.264574,0.137249,0.0955996,0.0755105,0.0641866,0.0573909,0.0533371,0.0511648,0.0504314,0.0509111,0.0525052,0.0551986,0.0590391,0.064128
"SD",0.264574,0.264574,0.274499,0.286799,0.302042,0.320933,0.344345,0.37336,0.409319,0.453883,0.509111,0.577557,0.662383,0.767509,0.897792
"Expected_age",0.5,1.5,2.5,3.5,4.5,5.5,6.5,7.5,8.5,9.5,10.5,11.5,12.5,13.5,14.5
