"","Age 0","Age 1","Age 2","Age 3","Age 4","Age 5","Age 6","Age 7","Age 8","Age 9","Age 10","Age 11","Age 12","Age 13","Age 14"
"Reader",2,2,2,2,2,2,2,2,2,2,2,2,2,2,2
"True_Age",0,1,2,3,4,5,6,7,8,9,10,11,12,13,14
"CV",0.149755,0.149755,0.135039,0.121601,0.10933,0.0981233,0.0878899,0.0785448,0.070011,0.0622181,0.0551016,0.048603,0.0426685,0.0372492,0.0323003
"SD",0.149755,0.149755,0.270078,0.364803,0.437318,0.490616,0.527339,0.549814,0.560088,0.559963,0.551016,0.534633,0.512022,0.484239,0.452205
"Expected_age",0.5,1.5,2.5,3.5,4.5,5.5,6.5,7.5,8.5,9.5,10.5,11.5,12.5,13.5,14.5
