"","Age 0","Age 1","Age 2","Age 3","Age 4","Age 5","Age 6","Age 7","Age 8","Age 9","Age 10","Age 11","Age 12","Age 13","Age 14"
"Reader",1,1,1,1,1,1,1,1,1,1,1,1,1,1,1
"True_Age",0,1,2,3,4,5,6,7,8,9,10,11,12,13,14
"CV",0.750847,0.750847,0.419678,0.318169,0.276079,0.259844,0.258798,0.268955,0.288985,0.318918,0.359672,0.412894,0.480953,0.567012,0.675171
"SD",0.750847,0.750847,0.839356,0.954506,1.10432,1.29922,1.55279,1.88268,2.31188,2.87026,3.59672,4.54184,5.77144,7.37116,9.45239
"Expected_age",0.5,1.5,2.5,3.5,4.5,5.5,6.5,7.5,8.5,9.5,10.5,11.5,12.5,13.5,14.5
