"","Age 0","Age 1","Age 2","Age 3","Age 4","Age 5","Age 6","Age 7","Age 8","Age 9","Age 10","Age 11","Age 12","Age 13","Age 14"
"Reader",2,2,2,2,2,2,2,2,2,2,2,2,2,2,2
"True_Age",0,1,2,3,4,5,6,7,8,9,10,11,12,13,14
"CV",0.34607,0.34607,0.173035,0.115357,0.0865174,0.0692139,0.0576783,0.0494385,0.0432587,0.0384522,0.034607,0.0314635,0.0291809,0.0718257,0.141291
"SD",0.34607,0.34607,0.34607,0.34607,0.34607,0.34607,0.34607,0.34607,0.34607,0.34607,0.34607,0.346098,0.350171,0.933734,1.97808
"Expected_age",0.5,1.5,2.5,3.5,4.5,5.5,6.5,7.5,8.5,9.5,10.5,11.5,12.5,13.5,14.5
