"","Age 0","Age 1","Age 2","Age 3","Age 4","Age 5","Age 6","Age 7","Age 8","Age 9","Age 10","Age 11","Age 12","Age 13","Age 14"
"Reader",2,2,2,2,2,2,2,2,2,2,2,2,2,2,2
"True_Age",0,1,2,3,4,5,6,7,8,9,10,11,12,13,14
"CV",0.1963,0.1963,0.132515,0.110496,0.0989359,0.0915748,0.0863248,0.0822908,0.0790251,0.0762785,0.0739016,0.0717989,0.0699067,0.0681806,0.0665888
"SD",0.1963,0.1963,0.265031,0.331487,0.395743,0.457874,0.517949,0.576036,0.632201,0.686507,0.739016,0.789788,0.83888,0.886347,0.932244
"Expected_age",0.5,1.5,2.5,3.5,4.5,5.5,6.5,7.5,8.5,9.5,10.5,11.5,12.5,13.5,14.5
