"","Age 0","Age 1","Age 2","Age 3","Age 4","Age 5","Age 6","Age 7","Age 8","Age 9","Age 10","Age 11","Age 12","Age 13","Age 14"
"Reader",1,1,1,1,1,1,1,1,1,1,1,1,1,1,1
"True_Age",0,1,2,3,4,5,6,7,8,9,10,11,12,13,14
"CV",0,0,0,0,0,0,0,0,0,0,0,0,0,0,0
"SD",0,0,0,0,0,0,0,0,0,0,0,0,0,0,0
"Expected_age",0.500013,1.50004,2.50007,3.50009,4.50012,5.50015,6.50017,7.5002,8.50023,9.50025,10.5003,11.5003,12.5003,13.5004,14.5004
