"","Age 0","Age 1","Age 2","Age 3","Age 4","Age 5","Age 6","Age 7","Age 8","Age 9","Age 10","Age 11","Age 12","Age 13","Age 14"
"Reader",2,2,2,2,2,2,2,2,2,2,2,2,2,2,2
"True_Age",0,1,2,3,4,5,6,7,8,9,10,11,12,13,14
"CV",0.168734,0.168734,0.168734,0.168734,0.168734,0.168734,0.168734,0.168734,0.168734,0.168734,0.168734,0.168734,0.168734,0.168734,0.168734
"SD",0.168734,0.168734,0.337468,0.506202,0.674936,0.843669,1.0124,1.18114,1.34987,1.5186,1.68734,1.85607,2.02481,2.19354,2.36227
"Expected_age",0.5,1.5,2.5,3.5,4.5,5.5,6.5,7.5,8.5,9.5,10.5,11.5,12.5,13.5,14.5
