"","Age 0","Age 1","Age 2","Age 3","Age 4","Age 5","Age 6","Age 7","Age 8","Age 9","Age 10","Age 11","Age 12","Age 13","Age 14"
"Reader",2,2,2,2,2,2,2,2,2,2,2,2,2,2,2
"True_Age",0,1,2,3,4,5,6,7,8,9,10,11,12,13,14
"CV",0.0976805,0.0976805,0.0976604,0.097622,0.097549,0.0974099,0.0971449,0.0966401,0.0956785,0.0938468,0.0903578,0.0837116,0.0710518,0.0469366,0.00100074
"SD",0.0976805,0.0976805,0.195321,0.292866,0.390196,0.487049,0.582869,0.67648,0.765428,0.844621,0.903578,0.920828,0.852621,0.610176,0.0140103
"Expected_age",0.5,1.5,2.5,3.5,4.5,5.5,6.5,7.5,8.5,9.5,10.5,11.5,12.5,13.5,14.5
