"","Age 0","Age 1","Age 2","Age 3","Age 4","Age 5","Age 6","Age 7","Age 8","Age 9","Age 10","Age 11","Age 12","Age 13","Age 14"
"Reader",1,1,1,1,1,1,1,1,1,1,1,1,1,1,1
"True_Age",0,1,2,3,4,5,6,7,8,9,10,11,12,13,14
"CV",0.14174,0.14174,0.14174,0.14174,0.14174,0.14174,0.14174,0.14174,0.14174,0.14174,0.14174,0.14174,0.14174,0.14174,0.14174
"SD",0.14174,0.14174,0.283481,0.425221,0.566962,0.708702,0.850442,0.992183,1.13392,1.27566,1.4174,1.55914,1.70088,1.84263,1.98437
"Expected_age",0.5,1.5,2.5,3.5,4.5,5.5,6.5,7.5,8.5,9.5,10.5,11.5,12.5,13.5,14.5
