"","Age 0","Age 1","Age 2","Age 3","Age 4","Age 5","Age 6","Age 7","Age 8","Age 9","Age 10","Age 11","Age 12","Age 13","Age 14"
"Reader",2,2,2,2,2,2,2,2,2,2,2,2,2,2,2
"True_Age",0,1,2,3,4,5,6,7,8,9,10,11,12,13,14
"CV",0.2245,0.2245,0.172264,0.131794,0.10044,0.0761481,0.0573283,0.0427477,0.0314515,0.0226997,0.0159193,0.0106662,0.00659642,0.00344334,0.0010005
"SD",0.2245,0.2245,0.344527,0.395381,0.401758,0.38074,0.34397,0.299234,0.251612,0.204298,0.159193,0.117329,0.0791571,0.0447634,0.0140069
"Expected_age",0.5,1.5,2.5,3.5,4.5,5.5,6.5,7.5,8.5,9.5,10.5,11.5,12.5,13.5,14.5
