"","Age 0","Age 1","Age 2","Age 3","Age 4","Age 5","Age 6","Age 7","Age 8","Age 9","Age 10","Age 11","Age 12","Age 13","Age 14"
"Reader",2,2,2,2,2,2,2,2,2,2,2,2,2,2,2
"True_Age",0,1,2,3,4,5,6,7,8,9,10,11,12,13,14
"CV",0.229936,0.229936,0.114968,0.0766455,0.0574841,0.0459873,0.0383227,0.0328481,0.0287422,0.0255496,0.023004,0.0209984,0.0200431,0.0259203,0.0937562
"SD",0.229936,0.229936,0.229936,0.229936,0.229936,0.229936,0.229936,0.229937,0.229937,0.229947,0.23004,0.230982,0.240517,0.336965,1.31259
"Expected_age",0.5,1.5,2.5,3.5,4.5,5.5,6.5,7.5,8.5,9.5,10.5,11.5,12.5,13.5,14.5
