"","Age 0","Age 1","Age 2","Age 3","Age 4","Age 5","Age 6","Age 7","Age 8","Age 9","Age 10","Age 11","Age 12","Age 13","Age 14"
"Reader",1,1,1,1,1,1,1,1,1,1,1,1,1,1,1
"True_Age",0,1,2,3,4,5,6,7,8,9,10,11,12,13,14
"CV",0.265684,0.265684,0.224608,0.19384,0.170794,0.153531,0.140601,0.130916,0.123661,0.118227,0.114156,0.111107,0.108824,0.107113,0.105832
"SD",0.265684,0.265684,0.449216,0.581521,0.683176,0.767657,0.843607,0.91641,0.989287,1.06404,1.14156,1.22218,1.30588,1.39247,1.48164
"Expected_age",0.5,1.5,2.5,3.5,4.5,5.5,6.5,7.5,8.5,9.5,10.5,11.5,12.5,13.5,14.5
