"","Age 0","Age 1","Age 2","Age 3","Age 4","Age 5","Age 6","Age 7","Age 8","Age 9","Age 10","Age 11","Age 12","Age 13","Age 14"
"Reader",2,2,2,2,2,2,2,2,2,2,2,2,2,2,2
"True_Age",0,1,2,3,4,5,6,7,8,9,10,11,12,13,14
"CV",0.245708,0.245708,0.122854,0.0819025,0.0614269,0.0491415,0.0409513,0.0351013,0.0307147,0.0273109,0.0246505,0.0229754,0.0256263,0.0607477,0.359565
"SD",0.245708,0.245708,0.245708,0.245708,0.245708,0.245708,0.245708,0.245709,0.245718,0.245798,0.246505,0.25273,0.307516,0.78972,5.0339
"Expected_age",0.5,1.5,2.5,3.5,4.5,5.5,6.5,7.5,8.5,9.5,10.5,11.5,12.5,13.5,14.5
