"","Age 0","Age 1","Age 2","Age 3","Age 4","Age 5","Age 6","Age 7","Age 8","Age 9","Age 10","Age 11","Age 12","Age 13","Age 14"
"Reader",1,1,1,1,1,1,1,1,1,1,1,1,1,1,1
"True_Age",0,1,2,3,4,5,6,7,8,9,10,11,12,13,14
"CV",0.15585,0.15585,0.15585,0.15585,0.15585,0.15585,0.15585,0.15585,0.15585,0.15585,0.155971,0.189233,2.58426,2.93026,2.9999
"SD",0.15585,0.15585,0.311699,0.467549,0.623399,0.779248,0.935098,1.09095,1.2468,1.40265,1.55971,2.08156,31.0111,38.0934,41.9986
"Expected_age",0.5,1.5,2.5,3.5,4.5,5.5,6.5,7.5,8.5,9.5,10.5,11.5,12.5,13.5,14.5
