"","Age 0","Age 1","Age 2","Age 3","Age 4","Age 5","Age 6","Age 7","Age 8","Age 9","Age 10","Age 11","Age 12","Age 13","Age 14"
"Reader",2,2,2,2,2,2,2,2,2,2,2,2,2,2,2
"True_Age",0,1,2,3,4,5,6,7,8,9,10,11,12,13,14
"CV",0.001,0.001,0.110706,0.121425,0.114219,0.103379,0.0926324,0.0830012,0.074669,0.0675494,0.061481,0.0562964,0.0518454,0.0480011,0.044659
"SD",0.001,0.001,0.221413,0.364276,0.456874,0.516893,0.555794,0.581009,0.597352,0.607945,0.61481,0.619261,0.622145,0.624015,0.625227
"Expected_age",0.5,1.5,2.5,3.5,4.5,5.5,6.5,7.5,8.5,9.5,10.5,11.5,12.5,13.5,14.5
