"","Age 0","Age 1","Age 2","Age 3","Age 4","Age 5","Age 6","Age 7","Age 8","Age 9","Age 10","Age 11","Age 12","Age 13","Age 14"
"Reader",2,2,2,2,2,2,2,2,2,2,2,2,2,2,2
"True_Age",0,1,2,3,4,5,6,7,8,9,10,11,12,13,14
"CV",0.237338,0.237338,0.144491,0.10659,0.0911184,0.0848029,0.0822249,0.0811726,0.080743,0.0805676,0.080496,0.0804668,0.0804549,0.08045,0.080448
"SD",0.237338,0.237338,0.288981,0.319769,0.364474,0.424015,0.49335,0.568208,0.645944,0.725109,0.80496,0.885135,0.965459,1.04585,1.12627
"Expected_age",0.5,1.5,2.5,3.5,4.5,5.5,6.5,7.5,8.5,9.5,10.5,11.5,12.5,13.5,14.5
