"","Age 0","Age 1","Age 2","Age 3","Age 4","Age 5","Age 6","Age 7","Age 8","Age 9","Age 10","Age 11","Age 12","Age 13","Age 14"
"Reader",2,2,2,2,2,2,2,2,2,2,2,2,2,2,2
"True_Age",0,1,2,3,4,5,6,7,8,9,10,11,12,13,14
"CV",0.113273,0.113273,0.113273,0.113273,0.113273,0.113273,0.113273,0.113273,0.113273,0.113273,0.113273,0.113273,0.113273,0.113273,0.113273
"SD",0.113273,0.113273,0.226545,0.339818,0.453091,0.566363,0.679636,0.792909,0.906182,1.01945,1.13273,1.246,1.35927,1.47255,1.58582
"Expected_age",0.5,1.5,2.5,3.5,4.5,5.5,6.5,7.5,8.5,9.5,10.5,11.5,12.5,13.5,14.5
