"","Age 0","Age 1","Age 2","Age 3","Age 4","Age 5","Age 6","Age 7","Age 8","Age 9","Age 10","Age 11","Age 12","Age 13","Age 14"
"Reader",1,1,1,1,1,1,1,1,1,1,1,1,1,1,1
"True_Age",0,1,2,3,4,5,6,7,8,9,10,11,12,13,14
"CV",0.201705,0.201705,0.191056,0.149493,0.118224,0.0963753,0.0808635,0.0694852,0.0608555,0.054112,0.0487069,0.044281,0.0405916,0.0374694,0.0347931
"SD",0.201705,0.201705,0.382112,0.448479,0.472895,0.481877,0.485181,0.486396,0.486844,0.487008,0.487069,0.487091,0.487099,0.487102,0.487103
"Expected_age",0.5,1.5,2.5,3.5,4.5,5.5,6.5,7.5,8.5,9.5,10.5,11.5,12.5,13.5,14.5
