"","Age 0","Age 1","Age 2","Age 3","Age 4","Age 5","Age 6","Age 7","Age 8","Age 9","Age 10","Age 11","Age 12","Age 13","Age 14"
"Reader",2,2,2,2,2,2,2,2,2,2,2,2,2,2,2
"True_Age",0,1,2,3,4,5,6,7,8,9,10,11,12,13,14
"CV",0.645262,0.645262,0.296483,0.168174,0.120972,0.103608,0.0972195,0.0948694,0.0940049,0.0936868,0.0935698,0.0935268,0.0935109,0.0935051,0.093503
"SD",0.645262,0.645262,0.592966,0.504523,0.483889,0.518038,0.583317,0.664086,0.752039,0.843181,0.935698,1.02879,1.12213,1.21557,1.30904
"Expected_age",0.5,1.5,2.5,3.5,4.5,5.5,6.5,7.5,8.5,9.5,10.5,11.5,12.5,13.5,14.5
