"","Age 0","Age 1","Age 2","Age 3","Age 4","Age 5","Age 6","Age 7","Age 8","Age 9","Age 10","Age 11","Age 12","Age 13","Age 14"
"Reader",1,1,1,1,1,1,1,1,1,1,1,1,1,1,1
"True_Age",0,1,2,3,4,5,6,7,8,9,10,11,12,13,14
"CV",0.156273,0.156273,0.156273,0.156273,0.156273,0.156273,0.156273,0.156273,0.156273,0.156273,0.156273,0.156273,0.156273,0.156273,0.156273
"SD",0.156273,0.156273,0.312546,0.468819,0.625092,0.781365,0.937638,1.09391,1.25018,1.40646,1.56273,1.719,1.87528,2.03155,2.18782
"Expected_age",0.5,1.5,2.5,3.5,4.5,5.5,6.5,7.5,8.5,9.5,10.5,11.5,12.5,13.5,14.5
