"","Age 0","Age 1","Age 2","Age 3","Age 4","Age 5","Age 6","Age 7","Age 8","Age 9","Age 10","Age 11","Age 12","Age 13","Age 14"
"Reader",2,2,2,2,2,2,2,2,2,2,2,2,2,2,2
"True_Age",0,1,2,3,4,5,6,7,8,9,10,11,12,13,14
"CV",0.113149,0.113149,0.113149,0.113149,0.113149,0.113149,0.113149,0.113149,0.113149,0.113149,0.113149,0.113149,0.113149,0.113149,0.113149
"SD",0.113149,0.113149,0.226297,0.339446,0.452594,0.565743,0.678892,0.79204,0.905189,1.01834,1.13149,1.24463,1.35778,1.47093,1.58408
"Expected_age",0.5,1.5,2.5,3.5,4.5,5.5,6.5,7.5,8.5,9.5,10.5,11.5,12.5,13.5,14.5
