"","Age 0","Age 1","Age 2","Age 3","Age 4","Age 5","Age 6","Age 7","Age 8","Age 9","Age 10","Age 11","Age 12","Age 13","Age 14"
"Reader",2,2,2,2,2,2,2,2,2,2,2,2,2,2,2
"True_Age",0,1,2,3,4,5,6,7,8,9,10,11,12,13,14
"CV",0.283665,0.283665,0.171957,0.132908,0.112148,0.0987919,0.0892055,0.0818262,0.0758681,0.0708916,0.06663,0.0629112,0.0596189,0.0566706,0.0540063
"SD",0.283665,0.283665,0.343913,0.398725,0.448592,0.493959,0.535233,0.572783,0.606945,0.638024,0.6663,0.692024,0.715427,0.736718,0.756088
"Expected_age",0.5,1.5,2.5,3.5,4.5,5.5,6.5,7.5,8.5,9.5,10.5,11.5,12.5,13.5,14.5
