"","Age 0","Age 1","Age 2","Age 3","Age 4","Age 5","Age 6","Age 7","Age 8","Age 9","Age 10","Age 11","Age 12","Age 13","Age 14"
"Reader",2,2,2,2,2,2,2,2,2,2,2,2,2,2,2
"True_Age",0,1,2,3,4,5,6,7,8,9,10,11,12,13,14
"CV",0.001,0.001,0.116479,0.122357,0.111154,0.0978899,0.0858954,0.0757657,0.0673783,0.0604485,0.0546934,0.0498735,0.0457981,0.0423182,0.0393186
"SD",0.001,0.001,0.232958,0.367072,0.444615,0.48945,0.515372,0.53036,0.539026,0.544037,0.546934,0.548609,0.549577,0.550137,0.550461
"Expected_age",0.5,1.5,2.5,3.5,4.5,5.5,6.5,7.5,8.5,9.5,10.5,11.5,12.5,13.5,14.5
