"","Age 0","Age 1","Age 2","Age 3","Age 4","Age 5","Age 6","Age 7","Age 8","Age 9","Age 10","Age 11","Age 12","Age 13","Age 14"
"Reader",2,2,2,2,2,2,2,2,2,2,2,2,2,2,2
"True_Age",0,1,2,3,4,5,6,7,8,9,10,11,12,13,14
"CV",0.23043,0.23043,0.175397,0.133138,0.100689,0.0757728,0.0566401,0.0419487,0.0306676,0.0220052,0.0153536,0.010246,0.00632411,0.00331258,0.00100012
"SD",0.23043,0.23043,0.350794,0.399415,0.402758,0.378864,0.33984,0.293641,0.245341,0.198047,0.153536,0.112706,0.0758893,0.0430635,0.0140016
"Expected_age",0.5,1.5,2.5,3.5,4.5,5.5,6.5,7.5,8.5,9.5,10.5,11.5,12.5,13.5,14.5
