"","Age 0","Age 1","Age 2","Age 3","Age 4","Age 5","Age 6","Age 7","Age 8","Age 9","Age 10","Age 11","Age 12","Age 13","Age 14"
"Reader",1,1,1,1,1,1,1,1,1,1,1,1,1,1,1
"True_Age",0,1,2,3,4,5,6,7,8,9,10,11,12,13,14
"CV",0.270415,0.270415,0.219537,0.192216,0.172217,0.156081,0.142512,0.130854,0.120707,0.111798,0.103924,0.0969273,0.0906829,0.0850873,0.080055
"SD",0.270415,0.270415,0.439073,0.576648,0.688867,0.780404,0.855071,0.915976,0.965657,1.00618,1.03924,1.0662,1.08819,1.10614,1.12077
"Expected_age",0.5,1.5,2.5,3.5,4.5,5.5,6.5,7.5,8.5,9.5,10.5,11.5,12.5,13.5,14.5
