"","Age 0","Age 1","Age 2","Age 3","Age 4","Age 5","Age 6","Age 7","Age 8","Age 9","Age 10","Age 11","Age 12","Age 13","Age 14"
"Reader",2,2,2,2,2,2,2,2,2,2,2,2,2,2,2
"True_Age",0,1,2,3,4,5,6,7,8,9,10,11,12,13,14
"CV",0.42177,0.42177,0.211625,0.142211,0.108588,0.0903973,0.0820418,0.0834564,0.0992688,0.14151,0.236838,0.442578,0.881424,1.81639,3.81291
"SD",0.42177,0.42177,0.423251,0.426632,0.434354,0.451986,0.492251,0.584195,0.794151,1.27359,2.36838,4.86836,10.5771,23.613,53.3807
"Expected_age",0.5,1.5,2.5,3.5,4.5,5.5,6.5,7.5,8.5,9.5,10.5,11.5,12.5,13.5,14.5
