"","Age 0","Age 1","Age 2","Age 3","Age 4","Age 5","Age 6","Age 7","Age 8","Age 9","Age 10","Age 11","Age 12","Age 13","Age 14"
"Reader",1,1,1,1,1,1,1,1,1,1,1,1,1,1,1
"True_Age",0,1,2,3,4,5,6,7,8,9,10,11,12,13,14
"CV",0.0817394,0.0817394,0.0818395,0.082064,0.0825673,0.0836959,0.0862264,0.0919003,0.104623,0.133149,0.197113,0.340534,0.662118,1.38318,2.99999
"SD",0.0817394,0.0817394,0.163679,0.246192,0.330269,0.418479,0.517358,0.643302,0.836982,1.19834,1.97113,3.74587,7.94541,17.9814,41.9998
"Expected_age",0.5,1.5,2.5,3.5,4.5,5.5,6.5,7.5,8.5,9.5,10.5,11.5,12.5,13.5,14.5
