"","Age 0","Age 1","Age 2","Age 3","Age 4","Age 5","Age 6","Age 7","Age 8","Age 9","Age 10","Age 11","Age 12","Age 13","Age 14"
"Reader",1,1,1,1,1,1,1,1,1,1,1,1,1,1,1
"True_Age",0,1,2,3,4,5,6,7,8,9,10,11,12,13,14
"CV",0.001,0.001,0.103969,0.109359,0.0994568,0.0876642,0.0769717,0.0679256,0.0604254,0.0542226,0.0490674,0.0447477,0.0410937,0.0379729,0.0352822
"SD",0.001,0.001,0.207937,0.328078,0.397827,0.438321,0.46183,0.475479,0.483403,0.488003,0.490674,0.492225,0.493125,0.493648,0.493951
"Expected_age",0.5,1.5,2.5,3.5,4.5,5.5,6.5,7.5,8.5,9.5,10.5,11.5,12.5,13.5,14.5
