"","Age 0","Age 1","Age 2","Age 3","Age 4","Age 5","Age 6","Age 7","Age 8","Age 9","Age 10","Age 11","Age 12","Age 13","Age 14"
"Reader",2,2,2,2,2,2,2,2,2,2,2,2,2,2,2
"True_Age",0,1,2,3,4,5,6,7,8,9,10,11,12,13,14
"CV",0.295204,0.295204,0.156249,0.111308,0.0901167,0.0786702,0.0723485,0.0692233,0.0683866,0.0693955,0.0720532,0.076312,0.0822279,0.0899406,0.0996653
"SD",0.295204,0.295204,0.312498,0.333923,0.360467,0.393351,0.434091,0.484563,0.547093,0.62456,0.720532,0.839432,0.986735,1.16923,1.39531
"Expected_age",0.5,1.5,2.5,3.5,4.5,5.5,6.5,7.5,8.5,9.5,10.5,11.5,12.5,13.5,14.5
