"","Age 0","Age 1","Age 2","Age 3","Age 4","Age 5","Age 6","Age 7","Age 8","Age 9","Age 10","Age 11","Age 12","Age 13","Age 14"
"Reader",2,2,2,2,2,2,2,2,2,2,2,2,2,2,2
"True_Age",0,1,2,3,4,5,6,7,8,9,10,11,12,13,14
"CV",0.14803,0.14803,0.144181,0.139695,0.134467,0.128373,0.121271,0.112994,0.103347,0.0921031,0.0789988,0.063726,0.0459257,0.0251798,0.0010007
"SD",0.14803,0.14803,0.288363,0.419086,0.537868,0.641866,0.727627,0.790957,0.826773,0.828928,0.789988,0.700986,0.551109,0.327337,0.0140098
"Expected_age",0.5,1.5,2.5,3.5,4.5,5.5,6.5,7.5,8.5,9.5,10.5,11.5,12.5,13.5,14.5
