"","Age 0","Age 1","Age 2","Age 3","Age 4","Age 5","Age 6","Age 7","Age 8","Age 9","Age 10","Age 11","Age 12","Age 13","Age 14"
"Reader",2,2,2,2,2,2,2,2,2,2,2,2,2,2,2
"True_Age",0,1,2,3,4,5,6,7,8,9,10,11,12,13,14
"CV",0.16134,0.16134,0.151378,0.141069,0.130401,0.119362,0.107938,0.0961161,0.0838828,0.0712235,0.0581234,0.0445672,0.030539,0.0160223,0.00100006
"SD",0.16134,0.16134,0.302756,0.423207,0.521604,0.596808,0.647626,0.672812,0.671062,0.641012,0.581234,0.49024,0.366468,0.208289,0.0140009
"Expected_age",0.5,1.5,2.5,3.5,4.5,5.5,6.5,7.5,8.5,9.5,10.5,11.5,12.5,13.5,14.5
