"","Age 0","Age 1","Age 2","Age 3","Age 4","Age 5","Age 6","Age 7","Age 8","Age 9","Age 10","Age 11","Age 12","Age 13","Age 14","Age 15","Age 16","Age 17","Age 18","Age 19","Age 20"
"Reader",1,1,1,1,1,1,1,1,1,1,1,1,1,1,1,1,1,1,1,1,1
"True_Age",0,1,2,3,4,5,6,7,8,9,10,11,12,13,14,15,16,17,18,19,20
"CV",0.122963,0.122963,0.122963,0.122963,0.122963,0.122963,0.122963,0.122963,0.122963,0.122963,0.122963,0.122963,0.122963,0.122963,0.122963,0.122963,0.122963,0.122963,0.122963,0.122963,0.122963
"SD",0.122963,0.122963,0.245927,0.36889,0.491854,0.614817,0.737781,0.860744,0.983707,1.10667,1.22963,1.3526,1.47556,1.59852,1.72149,1.84445,1.96741,2.09038,2.21334,2.3363,2.45927
"Expected_age",0.5,1.5,2.5,3.5,4.5,5.5,6.5,7.5,8.5,9.5,10.5,11.5,12.5,13.5,14.5,15.5,16.5,17.5,18.5,19.5,20.5
