"","Age 0","Age 1","Age 2","Age 3","Age 4","Age 5","Age 6","Age 7","Age 8","Age 9","Age 10","Age 11","Age 12","Age 13","Age 14"
"Reader",1,1,1,1,1,1,1,1,1,1,1,1,1,1,1
"True_Age",0,1,2,3,4,5,6,7,8,9,10,11,12,13,14
"CV",0.164989,0.164989,0.164989,0.164989,0.164989,0.164989,0.164988,0.144764,0.0793348,0.0771184,0.0763698,0.0759936,0.0757673,0.0756161,0.075508
"SD",0.164989,0.164989,0.329978,0.494967,0.659956,0.824945,0.989928,1.01335,0.634678,0.694066,0.763698,0.835929,0.909207,0.98301,1.05711
"Expected_age",0.5,1.5,2.5,3.5,4.5,5.5,6.5,7.5,8.5,9.5,10.5,11.5,12.5,13.5,14.5
