"","Age 0","Age 1","Age 2","Age 3","Age 4","Age 5","Age 6","Age 7","Age 8","Age 9","Age 10","Age 11","Age 12","Age 13","Age 14"
"Reader",2,2,2,2,2,2,2,2,2,2,2,2,2,2,2
"True_Age",0,1,2,3,4,5,6,7,8,9,10,11,12,13,14
"CV",0.001,0.001,0.141106,0.148968,0.135839,0.119969,0.105487,0.0931856,0.0829557,0.0744768,0.0674183,0.0614966,0.0564831,0.0521984,0.0485026
"SD",0.001,0.001,0.282211,0.446903,0.543356,0.599843,0.632925,0.652299,0.663646,0.670291,0.674183,0.676462,0.677797,0.678579,0.679037
"Expected_age",0.5,1.5,2.5,3.5,4.5,5.5,6.5,7.5,8.5,9.5,10.5,11.5,12.5,13.5,14.5
