"","Age 0","Age 1","Age 2","Age 3","Age 4","Age 5","Age 6","Age 7","Age 8","Age 9","Age 10","Age 11","Age 12","Age 13","Age 14"
"Reader",1,1,1,1,1,1,1,1,1,1,1,1,1,1,1
"True_Age",0,1,2,3,4,5,6,7,8,9,10,11,12,13,14
"CV",0.146678,0.146678,0.106075,0.094683,0.0907509,0.0899413,0.0908198,0.0927822,0.0955366,0.098931,0.102884,0.107353,0.112321,0.117786,0.123755
"SD",0.146678,0.146678,0.212151,0.284049,0.363004,0.449707,0.544919,0.649475,0.764293,0.890379,1.02884,1.18089,1.34786,1.53121,1.73257
"Expected_age",0.5,1.5,2.5,3.5,4.5,5.5,6.5,7.5,8.5,9.5,10.5,11.5,12.5,13.5,14.5
