"","Age 0","Age 1","Age 2","Age 3","Age 4","Age 5","Age 6","Age 7","Age 8","Age 9","Age 10","Age 11","Age 12","Age 13","Age 14"
"Reader",2,2,2,2,2,2,2,2,2,2,2,2,2,2,2
"True_Age",0,1,2,3,4,5,6,7,8,9,10,11,12,13,14
"CV",0.285722,0.285722,0.170662,0.123277,0.103762,0.0957248,0.0924148,0.0910517,0.0904903,0.0902591,0.0901639,0.0901247,0.0901085,0.0901019,0.0900991
"SD",0.285722,0.285722,0.341325,0.36983,0.415047,0.478624,0.554489,0.637362,0.723922,0.812332,0.901639,0.991371,1.0813,1.17132,1.26139
"Expected_age",0.5,1.5,2.5,3.5,4.5,5.5,6.5,7.5,8.5,9.5,10.5,11.5,12.5,13.5,14.5
