"","Age 0","Age 1","Age 2","Age 3","Age 4","Age 5","Age 6","Age 7","Age 8","Age 9","Age 10","Age 11","Age 12","Age 13","Age 14"
"Reader",1,1,1,1,1,1,1,1,1,1,1,1,1,1,1
"True_Age",0,1,2,3,4,5,6,7,8,9,10,11,12,13,14
"CV",0.269067,0.269067,0.165792,0.135025,0.122867,0.118605,0.118735,0.121822,0.127216,0.13463,0.143966,0.155242,0.168559,0.184082,0.202031
"SD",0.269067,0.269067,0.331584,0.405075,0.491467,0.593025,0.712411,0.852753,1.01773,1.21167,1.43966,1.70766,2.02271,2.39307,2.82844
"Expected_age",0.5,1.5,2.5,3.5,4.5,5.5,6.5,7.5,8.5,9.5,10.5,11.5,12.5,13.5,14.5
