"","Age 0","Age 1","Age 2","Age 3","Age 4","Age 5","Age 6","Age 7","Age 8","Age 9","Age 10","Age 11","Age 12","Age 13","Age 14","Age 15","Age 16","Age 17","Age 18","Age 19","Age 20"
"Reader",1,1,1,1,1,1,1,1,1,1,1,1,1,1,1,1,1,1,1,1,1
"True_Age",0,1,2,3,4,5,6,7,8,9,10,11,12,13,14,15,16,17,18,19,20
"CV",0.205249,0.205249,0.153462,0.12338,0.105907,0.0957569,0.0898611,0.0864365,0.0844472,0.0832917,0.0826205,0.0822306,0.0820041,0.0818726,0.0817961,0.0817518,0.081726,0.081711,0.0817023,0.0816972,0.0816943
"SD",0.205249,0.205249,0.306924,0.370141,0.423627,0.478784,0.539167,0.605055,0.675578,0.749625,0.826205,0.904536,0.984049,1.06434,1.14515,1.22628,1.30762,1.38909,1.47064,1.55225,1.63389
"Expected_age",0.5,1.5,2.5,3.5,4.5,5.5,6.5,7.5,8.5,9.5,10.5,11.5,12.5,13.5,14.5,15.5,16.5,17.5,18.5,19.5,20.5
