"","Age 0","Age 1","Age 2","Age 3","Age 4","Age 5","Age 6","Age 7","Age 8","Age 9","Age 10","Age 11","Age 12","Age 13","Age 14","Age 15","Age 16","Age 17","Age 18","Age 19","Age 20"
"Reader",2,2,2,2,2,2,2,2,2,2,2,2,2,2,2,2,2,2,2,2,2
"True_Age",0,1,2,3,4,5,6,7,8,9,10,11,12,13,14,15,16,17,18,19,20
"CV",0.279183,0.279183,0.174844,0.135362,0.112801,0.0974588,0.0860275,0.0770371,0.0697168,0.0636126,0.0584336,0.0539812,0.0501132,0.0467238,0.0437322,0.0410749,0.0387013,0.0365706,0.034649,0.0329088,0.0313268
"SD",0.279183,0.279183,0.349687,0.406087,0.451203,0.487294,0.516165,0.53926,0.557735,0.572514,0.584336,0.593793,0.601358,0.60741,0.612251,0.616124,0.619221,0.6217,0.623682,0.625268,0.626536
"Expected_age",0.5,1.5,2.5,3.5,4.5,5.5,6.5,7.5,8.5,9.5,10.5,11.5,12.5,13.5,14.5,15.5,16.5,17.5,18.5,19.5,20.5
