"","Age 0","Age 1","Age 2","Age 3","Age 4","Age 5","Age 6","Age 7","Age 8","Age 9","Age 10","Age 11","Age 12","Age 13","Age 14"
"Reader",2,2,2,2,2,2,2,2,2,2,2,2,2,2,2
"True_Age",0,1,2,3,4,5,6,7,8,9,10,11,12,13,14
"CV",0.107558,0.107558,0.107558,0.107558,0.107558,0.107558,0.107558,0.107558,0.107558,0.107662,0.187468,0.295024,0.301433,0.303728,0.304908
"SD",0.107558,0.107558,0.215116,0.322674,0.430232,0.53779,0.645348,0.752906,0.860465,0.968961,1.87468,3.24527,3.6172,3.94847,4.26872
"Expected_age",0.5,1.5,2.5,3.5,4.5,5.5,6.5,7.5,8.5,9.5,10.5,11.5,12.5,13.5,14.5
