"","Age 0","Age 1","Age 2","Age 3","Age 4","Age 5","Age 6","Age 7","Age 8","Age 9","Age 10","Age 11","Age 12","Age 13","Age 14"
"Reader",1,1,1,1,1,1,1,1,1,1,1,1,1,1,1
"True_Age",0,1,2,3,4,5,6,7,8,9,10,11,12,13,14
"CV",0.127454,0.127454,0.115864,0.104993,0.0947946,0.0852281,0.0762542,0.0678361,0.0599395,0.052532,0.0455833,0.0390651,0.0329506,0.0272149,0.0218344
"SD",0.127454,0.127454,0.231729,0.314978,0.379178,0.42614,0.457525,0.474853,0.479516,0.472788,0.455833,0.429716,0.395407,0.353793,0.305681
"Expected_age",0.5,1.5,2.5,3.5,4.5,5.5,6.5,7.5,8.5,9.5,10.5,11.5,12.5,13.5,14.5
