"","Age 0","Age 1","Age 2","Age 3","Age 4","Age 5","Age 6","Age 7","Age 8","Age 9","Age 10","Age 11","Age 12","Age 13","Age 14"
"Reader",2,2,2,2,2,2,2,2,2,2,2,2,2,2,2
"True_Age",0,1,2,3,4,5,6,7,8,9,10,11,12,13,14
"CV",0.0859902,0.0859902,0.113559,0.118519,0.118111,0.115764,0.112606,0.109106,0.10549,0.101877,0.0983308,0.0948861,0.0915626,0.08837,0.0853119
"SD",0.0859902,0.0859902,0.227119,0.355557,0.472445,0.578822,0.675634,0.76374,0.843923,0.916896,0.983308,1.04375,1.09875,1.14881,1.19437
"Expected_age",0.5,1.5,2.5,3.5,4.5,5.5,6.5,7.5,8.5,9.5,10.5,11.5,12.5,13.5,14.5
