"","Age 0","Age 1","Age 2","Age 3","Age 4","Age 5","Age 6","Age 7","Age 8","Age 9","Age 10","Age 11","Age 12","Age 13","Age 14"
"Reader",2,2,2,2,2,2,2,2,2,2,2,2,2,2,2
"True_Age",0,1,2,3,4,5,6,7,8,9,10,11,12,13,14
"CV",0.0915648,0.0915648,0.0916418,0.0918185,0.092224,0.0931543,0.0952891,0.100188,0.111428,0.137222,0.196408,0.332221,0.643864,1.35898,2.99991
"SD",0.0915648,0.0915648,0.183284,0.275456,0.368896,0.465772,0.571735,0.701314,0.891427,1.235,1.96408,3.65443,7.72637,17.6667,41.9987
"Expected_age",0.5,1.5,2.5,3.5,4.5,5.5,6.5,7.5,8.5,9.5,10.5,11.5,12.5,13.5,14.5
