"","Age 0","Age 1","Age 2","Age 3","Age 4","Age 5","Age 6","Age 7","Age 8","Age 9","Age 10","Age 11","Age 12","Age 13","Age 14"
"Reader",2,2,2,2,2,2,2,2,2,2,2,2,2,2,2
"True_Age",0,1,2,3,4,5,6,7,8,9,10,11,12,13,14
"CV",0.0818961,0.0818961,0.0819693,0.082138,0.0825271,0.0834243,0.0854929,0.0902625,0.10126,0.126617,0.185085,0.319896,0.630734,1.34745,2.99999
"SD",0.0818961,0.0818961,0.163939,0.246414,0.330108,0.417121,0.512957,0.631838,0.81008,1.13956,1.85085,3.51885,7.56881,17.5168,41.9999
"Expected_age",0.5,1.5,2.5,3.5,4.5,5.5,6.5,7.5,8.5,9.5,10.5,11.5,12.5,13.5,14.5
