"","Age 0","Age 1","Age 2","Age 3","Age 4","Age 5","Age 6","Age 7","Age 8","Age 9","Age 10","Age 11","Age 12","Age 13","Age 14","Age 15","Age 16","Age 17","Age 18","Age 19","Age 20"
"Reader",1,1,1,1,1,1,1,1,1,1,1,1,1,1,1,1,1,1,1,1,1
"True_Age",0,1,2,3,4,5,6,7,8,9,10,11,12,13,14,15,16,17,18,19,20
"CV",0.255599,0.255599,0.154573,0.122116,0.106862,0.0985429,0.0937388,0.0909864,0.0895569,0.0890479,0.0892201,0.0899237,0.0910611,0.0925667,0.0943962,0.096519,0.0989145,0.101569,0.104474,0.107626,0.111023
"SD",0.255599,0.255599,0.309147,0.366347,0.427447,0.492715,0.562433,0.636905,0.716455,0.801431,0.892201,0.989161,1.09273,1.20337,1.32155,1.44778,1.58263,1.72667,1.88054,2.0449,2.22046
"Expected_age",0.5,1.5,2.5,3.5,4.5,5.5,6.5,7.5,8.5,9.5,10.5,11.5,12.5,13.5,14.5,15.5,16.5,17.5,18.5,19.5,20.5
