"","Age 0","Age 1","Age 2","Age 3","Age 4","Age 5","Age 6","Age 7","Age 8","Age 9","Age 10","Age 11","Age 12","Age 13","Age 14","Age 15","Age 16","Age 17","Age 18","Age 19","Age 20"
"Reader",2,2,2,2,2,2,2,2,2,2,2,2,2,2,2,2,2,2,2,2,2
"True_Age",0,1,2,3,4,5,6,7,8,9,10,11,12,13,14,15,16,17,18,19,20
"CV",0.120726,0.120726,0.134526,0.1234,0.109795,0.0972433,0.0863822,0.0771669,0.0693857,0.0628064,0.0572195,0.0524478,0.048346,0.0447963,0.0417037,0.0389916,0.0365983,0.0344734,0.0325763,0.0308734,0.0293372
"SD",0.120726,0.120726,0.269052,0.370201,0.439178,0.486216,0.518293,0.540168,0.555085,0.565258,0.572195,0.576925,0.580151,0.582351,0.583852,0.584875,0.585572,0.586048,0.586373,0.586594,0.586745
"Expected_age",0.5,1.5,2.5,3.5,4.5,5.5,6.5,7.5,8.5,9.5,10.5,11.5,12.5,13.5,14.5,15.5,16.5,17.5,18.5,19.5,20.5
