"","Age 0","Age 1","Age 2","Age 3","Age 4","Age 5","Age 6","Age 7","Age 8","Age 9","Age 10","Age 11","Age 12","Age 13","Age 14"
"Reader",2,2,2,2,2,2,2,2,2,2,2,2,2,2,2
"True_Age",0,1,2,3,4,5,6,7,8,9,10,11,12,13,14
"CV",0.213653,0.213653,0.19454,0.178829,0.165915,0.155299,0.146574,0.139402,0.133507,0.128661,0.124678,0.121404,0.118712,0.1165,0.114682
"SD",0.213653,0.213653,0.389079,0.536486,0.663658,0.776497,0.879444,0.975813,1.06805,1.15795,1.24678,1.33544,1.42455,1.5145,1.60555
"Expected_age",0.5,1.5,2.5,3.5,4.5,5.5,6.5,7.5,8.5,9.5,10.5,11.5,12.5,13.5,14.5
