"","Age 0","Age 1","Age 2","Age 3","Age 4","Age 5","Age 6","Age 7","Age 8","Age 9","Age 10","Age 11","Age 12","Age 13","Age 14"
"Reader",1,1,1,1,1,1,1,1,1,1,1,1,1,1,1
"True_Age",0,1,2,3,4,5,6,7,8,9,10,11,12,13,14
"CV",0.186459,0.186459,0.148738,0.123989,0.107751,0.0970979,0.0901082,0.0855222,0.0825133,0.0805392,0.079244,0.0783942,0.0778367,0.0774708,0.0772308
"SD",0.186459,0.186459,0.297476,0.371967,0.431006,0.48549,0.540649,0.598655,0.660107,0.724853,0.79244,0.862336,0.93404,1.00712,1.08123
"Expected_age",0.377645,1.42168,2.45791,3.48641,4.50723,5.52043,6.52606,7.52418,8.51485,9.49812,10.4741,11.4427,12.4041,13.3583,14.3054
