"","Age 0","Age 1","Age 2","Age 3","Age 4","Age 5","Age 6","Age 7","Age 8","Age 9","Age 10","Age 11","Age 12","Age 13","Age 14"
"Reader",2,2,2,2,2,2,2,2,2,2,2,2,2,2,2
"True_Age",0,1,2,3,4,5,6,7,8,9,10,11,12,13,14
"CV",0.178836,0.178836,0.148415,0.123213,0.102334,0.0850367,0.0707066,0.0588348,0.0489994,0.0408513,0.0341009,0.0285085,0.0238754,0.0200371,0.0168573
"SD",0.178836,0.178836,0.29683,0.369639,0.409336,0.425184,0.42424,0.411843,0.391996,0.367662,0.341009,0.313593,0.286505,0.260483,0.236002
"Expected_age",0.5,1.5,2.5,3.5,4.5,5.5,6.5,7.5,8.5,9.5,10.5,11.5,12.5,13.5,14.5
