"","Age 0","Age 1","Age 2","Age 3","Age 4","Age 5","Age 6","Age 7","Age 8","Age 9","Age 10","Age 11","Age 12","Age 13","Age 14"
"Reader",2,2,2,2,2,2,2,2,2,2,2,2,2,2,2
"True_Age",0,1,2,3,4,5,6,7,8,9,10,11,12,13,14
"CV",0.135056,0.135056,0.128304,0.121151,0.113573,0.105544,0.0970379,0.0880266,0.0784798,0.0683656,0.0576505,0.0462985,0.034272,0.0215308,0.00803245
"SD",0.135056,0.135056,0.256609,0.363453,0.45429,0.527719,0.582228,0.616186,0.627838,0.615291,0.576505,0.509284,0.411264,0.2799,0.112454
"Expected_age",0.5,1.5,2.5,3.5,4.5,5.5,6.5,7.5,8.5,9.5,10.5,11.5,12.5,13.5,14.5
