"","Age 0","Age 1","Age 2","Age 3","Age 4","Age 5","Age 6","Age 7","Age 8","Age 9","Age 10","Age 11","Age 12","Age 13","Age 14"
"Reader",1,1,1,1,1,1,1,1,1,1,1,1,1,1,1
"True_Age",0,1,2,3,4,5,6,7,8,9,10,11,12,13,14
"CV",0.248145,0.248145,0.148834,0.110671,0.0960048,0.090369,0.0882033,0.087371,0.0870512,0.0869283,0.0868811,0.0868629,0.086856,0.0868533,0.0868522
"SD",0.248145,0.248145,0.297668,0.332012,0.384019,0.451845,0.52922,0.611597,0.69641,0.782355,0.868811,0.955492,1.04227,1.12909,1.21593
"Expected_age",0.5,1.5,2.5,3.5,4.5,5.5,6.5,7.5,8.5,9.5,10.5,11.5,12.5,13.5,14.5
