"","Age 0","Age 1","Age 2","Age 3","Age 4","Age 5","Age 6","Age 7","Age 8","Age 9","Age 10","Age 11","Age 12","Age 13","Age 14"
"Reader",2,2,2,2,2,2,2,2,2,2,2,2,2,2,2
"True_Age",0,1,2,3,4,5,6,7,8,9,10,11,12,13,14
"CV",0.133411,0.133411,0.133411,0.133411,0.133411,0.133411,0.133411,0.133411,0.133411,0.133411,0.133411,0.133411,0.133411,0.133411,0.133411
"SD",0.133411,0.133411,0.266822,0.400233,0.533644,0.667055,0.800466,0.933877,1.06729,1.2007,1.33411,1.46752,1.60093,1.73434,1.86775
"Expected_age",0.5,1.5,2.5,3.5,4.5,5.5,6.5,7.5,8.5,9.5,10.5,11.5,12.5,13.5,14.5
