"","Age 0","Age 1","Age 2","Age 3","Age 4","Age 5","Age 6","Age 7","Age 8","Age 9","Age 10","Age 11","Age 12","Age 13","Age 14"
"Reader",2,2,2,2,2,2,2,2,2,2,2,2,2,2,2
"True_Age",0,1,2,3,4,5,6,7,8,9,10,11,12,13,14
"CV",0.385725,0.385725,0.193498,0.130036,0.0994313,0.0832752,0.077006,0.0819744,0.105937,0.16861,0.315779,0.652141,1.41708,3.15954,7.14285
"SD",0.385725,0.385725,0.386996,0.390107,0.397725,0.416376,0.462036,0.573821,0.847492,1.51749,3.15779,7.17355,17.0049,41.074,99.9999
"Expected_age",0.5,1.5,2.5,3.5,4.5,5.5,6.5,7.5,8.5,9.5,10.5,11.5,12.5,13.5,14.5
