"","Age 0","Age 1","Age 2","Age 3","Age 4","Age 5","Age 6","Age 7","Age 8","Age 9","Age 10","Age 11","Age 12","Age 13","Age 14"
"Reader",2,2,2,2,2,2,2,2,2,2,2,2,2,2,2
"True_Age",0,1,2,3,4,5,6,7,8,9,10,11,12,13,14
"CV",0.198095,0.198095,0.143511,0.116175,0.097766,0.084097,0.0734722,0.0649867,0.05808,0.0523747,0.0476028,0.0435681,0.040123,0.0371551,0.0345773
"SD",0.198095,0.198095,0.287021,0.348526,0.391064,0.420485,0.440833,0.454907,0.46464,0.471372,0.476028,0.479249,0.481476,0.483016,0.484082
"Expected_age",0.5,1.5,2.5,3.5,4.5,5.5,6.5,7.5,8.5,9.5,10.5,11.5,12.5,13.5,14.5
