"","Age 0","Age 1","Age 2","Age 3","Age 4","Age 5","Age 6","Age 7","Age 8","Age 9","Age 10","Age 11","Age 12","Age 13","Age 14"
"Reader",2,2,2,2,2,2,2,2,2,2,2,2,2,2,2
"True_Age",0,1,2,3,4,5,6,7,8,9,10,11,12,13,14
"CV",0.115887,0.115887,0.115887,0.115887,0.115887,0.115887,0.115887,0.115887,0.115887,0.115887,0.115887,0.115887,0.115887,0.115887,0.115887
"SD",0.115887,0.115887,0.231774,0.347662,0.463549,0.579436,0.695323,0.811211,0.927098,1.04299,1.15887,1.27476,1.39065,1.50653,1.62242
"Expected_age",0.5,1.5,2.5,3.5,4.5,5.5,6.5,7.5,8.5,9.5,10.5,11.5,12.5,13.5,14.5
