"","Age 0","Age 1","Age 2","Age 3","Age 4","Age 5","Age 6","Age 7","Age 8","Age 9","Age 10","Age 11","Age 12","Age 13","Age 14"
"Reader",2,2,2,2,2,2,2,2,2,2,2,2,2,2,2
"True_Age",0,1,2,3,4,5,6,7,8,9,10,11,12,13,14
"CV",0.397199,0.397199,0.199469,0.134324,0.103082,0.0868059,0.0807292,0.0858807,0.109011,0.166729,0.295846,0.576403,1.18215,2.49115,5.32875
"SD",0.397199,0.397199,0.398937,0.402971,0.412326,0.434029,0.484375,0.601165,0.872088,1.50056,2.95846,6.34043,14.1857,32.3849,74.6024
"Expected_age",0.5,1.5,2.5,3.5,4.5,5.5,6.5,7.5,8.5,9.5,10.5,11.5,12.5,13.5,14.5
