"","Age 0","Age 1","Age 2","Age 3","Age 4","Age 5","Age 6","Age 7","Age 8","Age 9","Age 10","Age 11","Age 12","Age 13","Age 14"
"Reader",2,2,2,2,2,2,2,2,2,2,2,2,2,2,2
"True_Age",0,1,2,3,4,5,6,7,8,9,10,11,12,13,14
"CV",0.115456,0.115456,0.115456,0.115456,0.115456,0.115456,0.115456,0.115456,0.115456,0.115456,0.115456,0.115456,0.115456,0.115456,0.115456
"SD",0.115456,0.115456,0.230911,0.346367,0.461823,0.577279,0.692734,0.80819,0.923646,1.0391,1.15456,1.27001,1.38547,1.50092,1.61638
"Expected_age",0.5,1.5,2.5,3.5,4.5,5.5,6.5,7.5,8.5,9.5,10.5,11.5,12.5,13.5,14.5
