"","Age 0","Age 1","Age 2","Age 3","Age 4","Age 5","Age 6","Age 7","Age 8","Age 9","Age 10","Age 11","Age 12","Age 13","Age 14","Age 15","Age 16","Age 17","Age 18","Age 19","Age 20"
"Reader",1,1,1,1,1,1,1,1,1,1,1,1,1,1,1,1,1,1,1,1,1
"True_Age",0,1,2,3,4,5,6,7,8,9,10,11,12,13,14,15,16,17,18,19,20
"CV",0.260418,0.260418,0.180621,0.133611,0.105917,0.089602,0.0799906,0.0743283,0.0709926,0.0690275,0.0678698,0.0671878,0.066786,0.0665493,0.0664099,0.0663277,0.0662793,0.0662508,0.066234,0.0662241,0.0662183
"SD",0.260418,0.260418,0.361242,0.400834,0.423668,0.44801,0.479943,0.520298,0.567941,0.621247,0.678698,0.739066,0.801432,0.865141,0.929738,0.994916,1.06047,1.12626,1.19221,1.25826,1.32437
"Expected_age",0.5,1.5,2.5,3.5,4.5,5.5,6.5,7.5,8.5,9.5,10.5,11.5,12.5,13.5,14.5,15.5,16.5,17.5,18.5,19.5,20.5
