"","Age 0","Age 1","Age 2","Age 3","Age 4","Age 5","Age 6","Age 7","Age 8","Age 9","Age 10","Age 11","Age 12","Age 13","Age 14","Age 15","Age 16","Age 17","Age 18","Age 19","Age 20"
"Reader",2,2,2,2,2,2,2,2,2,2,2,2,2,2,2,2,2,2,2,2,2
"True_Age",0,1,2,3,4,5,6,7,8,9,10,11,12,13,14,15,16,17,18,19,20
"CV",0.105784,0.105784,0.105784,0.105784,0.105784,0.105784,0.105784,0.105784,0.105784,0.105784,0.105784,0.105784,0.105784,0.105784,0.105784,0.105784,0.105784,0.105784,0.105784,0.105784,0.105784
"SD",0.105784,0.105784,0.211568,0.317353,0.423137,0.528921,0.634705,0.74049,0.846274,0.952058,1.05784,1.16363,1.26941,1.37519,1.48098,1.58676,1.69255,1.79833,1.90412,2.0099,2.11568
"Expected_age",0.5,1.5,2.5,3.5,4.5,5.5,6.5,7.5,8.5,9.5,10.5,11.5,12.5,13.5,14.5,15.5,16.5,17.5,18.5,19.5,20.5
