"","Age 0","Age 1","Age 2","Age 3","Age 4","Age 5","Age 6","Age 7","Age 8","Age 9","Age 10","Age 11","Age 12","Age 13","Age 14"
"Reader",2,2,2,2,2,2,2,2,2,2,2,2,2,2,2
"True_Age",0,1,2,3,4,5,6,7,8,9,10,11,12,13,14
"CV",0.241374,0.241374,0.167455,0.123482,0.0973228,0.0817612,0.0725038,0.0669967,0.0637206,0.0617717,0.0606123,0.0599226,0.0595123,0.0592682,0.059123
"SD",0.241374,0.241374,0.33491,0.370446,0.389291,0.408806,0.435023,0.468977,0.509765,0.555945,0.606123,0.659148,0.714147,0.770487,0.827722
"Expected_age",0.5,1.5,2.5,3.5,4.5,5.5,6.5,7.5,8.5,9.5,10.5,11.5,12.5,13.5,14.5
