"","Age 0","Age 1","Age 2","Age 3","Age 4","Age 5","Age 6","Age 7","Age 8","Age 9","Age 10","Age 11","Age 12","Age 13","Age 14"
"Reader",2,2,2,2,2,2,2,2,2,2,2,2,2,2,2
"True_Age",0,1,2,3,4,5,6,7,8,9,10,11,12,13,14
"CV",0.0830648,0.0830648,0.0871792,0.0913904,0.0957007,0.100112,0.104627,0.109249,0.113979,0.11882,0.123775,0.128847,0.134038,0.139351,0.144789
"SD",0.0830648,0.0830648,0.174358,0.274171,0.382803,0.500561,0.627765,0.764743,0.911832,1.06938,1.23775,1.41732,1.60845,1.81156,2.02704
"Expected_age",0.5,1.5,2.5,3.5,4.5,5.5,6.5,7.5,8.5,9.5,10.5,11.5,12.5,13.5,14.5
