"","Age 0","Age 1","Age 2","Age 3","Age 4","Age 5","Age 6","Age 7","Age 8","Age 9","Age 10","Age 11","Age 12","Age 13","Age 14"
"Reader",2,2,2,2,2,2,2,2,2,2,2,2,2,2,2
"True_Age",0,1,2,3,4,5,6,7,8,9,10,11,12,13,14
"CV",0.288877,0.288877,0.172587,0.132681,0.111924,0.0988656,0.0896868,0.0827498,0.0772342,0.0726831,0.0688214,0.0654734,0.0625211,0.0598824,0.057498
"SD",0.288877,0.288877,0.345174,0.398044,0.447697,0.494328,0.538121,0.579249,0.617874,0.654148,0.688214,0.720207,0.750254,0.778471,0.804971
"Expected_age",0.5,1.5,2.5,3.5,4.5,5.5,6.5,7.5,8.5,9.5,10.5,11.5,12.5,13.5,14.5
