"","Age 0","Age 1","Age 2","Age 3","Age 4","Age 5","Age 6","Age 7","Age 8","Age 9","Age 10","Age 11","Age 12","Age 13","Age 14"
"Reader",1,1,1,1,1,1,1,1,1,1,1,1,1,1,1
"True_Age",0,1,2,3,4,5,6,7,8,9,10,11,12,13,14
"CV",0.00100001,0.00100001,0.072791,0.0888684,0.0919771,0.0905409,0.0872806,0.0832996,0.0791037,0.0749398,0.0709303,0.0671337,0.0635738,0.0602556,0.0571735
"SD",0.00100001,0.00100001,0.145582,0.266605,0.367908,0.452705,0.523684,0.583097,0.632829,0.674458,0.709303,0.738471,0.762886,0.783322,0.800429
"Expected_age",0.5,1.5,2.5,3.5,4.5,5.5,6.5,7.5,8.5,9.5,10.5,11.5,12.5,13.5,14.5
