"","Age 0","Age 1","Age 2","Age 3","Age 4","Age 5","Age 6","Age 7","Age 8","Age 9","Age 10","Age 11","Age 12","Age 13","Age 14"
"Reader",1,1,1,1,1,1,1,1,1,1,1,1,1,1,1
"True_Age",0,1,2,3,4,5,6,7,8,9,10,11,12,13,14
"CV",0.146154,0.146154,0.146154,0.146154,0.146154,0.146154,0.146154,0.146154,0.146154,0.146153,0.146032,0.0991901,0.00851572,0.00302083,0.00108214
"SD",0.146154,0.146154,0.292307,0.438461,0.584615,0.730769,0.876922,1.02308,1.16923,1.31538,1.46032,1.09109,0.102189,0.0392709,0.01515
"Expected_age",0.5,1.5,2.5,3.5,4.5,5.5,6.5,7.5,8.5,9.5,10.5,11.5,12.5,13.5,14.5
