"","Age 0","Age 1","Age 2","Age 3","Age 4","Age 5","Age 6","Age 7","Age 8","Age 9","Age 10","Age 11","Age 12","Age 13","Age 14"
"Reader",2,2,2,2,2,2,2,2,2,2,2,2,2,2,2
"True_Age",0,1,2,3,4,5,6,7,8,9,10,11,12,13,14
"CV",0.249103,0.249103,0.145273,0.0954099,0.0714631,0.0599627,0.0544397,0.0517873,0.0505135,0.0499018,0.049608,0.0494669,0.0493992,0.0493666,0.049351
"SD",0.249103,0.249103,0.290547,0.28623,0.285852,0.299814,0.326638,0.362511,0.404108,0.449116,0.49608,0.544136,0.59279,0.641766,0.690914
"Expected_age",0.5,1.5,2.5,3.5,4.5,5.5,6.5,7.5,8.5,9.5,10.5,11.5,12.5,13.5,14.5
