"","Age 0","Age 1","Age 2","Age 3","Age 4","Age 5","Age 6","Age 7","Age 8","Age 9","Age 10","Age 11","Age 12","Age 13","Age 14"
"Reader",2,2,2,2,2,2,2,2,2,2,2,2,2,2,2
"True_Age",0,1,2,3,4,5,6,7,8,9,10,11,12,13,14
"CV",0.266099,0.266099,0.166615,0.123098,0.104062,0.0957356,0.0920932,0.0904999,0.089803,0.0894981,0.0893647,0.0893064,0.0892809,0.0892697,0.0892648
"SD",0.266099,0.266099,0.333231,0.369295,0.41625,0.478678,0.552559,0.633499,0.718424,0.805483,0.893647,0.98237,1.07137,1.16051,1.24971
"Expected_age",0.5,1.5,2.5,3.5,4.5,5.5,6.5,7.5,8.5,9.5,10.5,11.5,12.5,13.5,14.5
