"","Age 0","Age 1","Age 2","Age 3","Age 4","Age 5","Age 6","Age 7","Age 8","Age 9","Age 10","Age 11","Age 12","Age 13","Age 14"
"Reader",2,2,2,2,2,2,2,2,2,2,2,2,2,2,2
"True_Age",0,1,2,3,4,5,6,7,8,9,10,11,12,13,14
"CV",0.128439,0.128439,0.150434,0.14602,0.136805,0.126814,0.117196,0.108308,0.100238,0.0929679,0.0864406,0.0805855,0.0753311,0.0706095,0.0663587
"SD",0.128439,0.128439,0.300868,0.438061,0.547219,0.634071,0.703175,0.758157,0.801904,0.836711,0.864406,0.886441,0.903973,0.917923,0.929022
"Expected_age",0.5,1.5,2.5,3.5,4.5,5.5,6.5,7.5,8.5,9.5,10.5,11.5,12.5,13.5,14.5
