"","Age 0","Age 1","Age 2","Age 3","Age 4","Age 5","Age 6","Age 7","Age 8","Age 9","Age 10","Age 11","Age 12","Age 13","Age 14"
"Reader",1,1,1,1,1,1,1,1,1,1,1,1,1,1,1
"True_Age",0,1,2,3,4,5,6,7,8,9,10,11,12,13,14
"CV",0,0,0,0,0,0,0,0,0,0,0,0,0,0,0
"SD",0,0,0,0,0,0,0,0,0,0,0,0,0,0,0
"Expected_age",0.69525,1.53342,2.39218,3.27203,4.17348,5.09708,6.04336,7.01288,8.00621,9.02394,10.0667,11.135,12.2296,13.351,14.5
