"","Age 0","Age 1","Age 2","Age 3","Age 4","Age 5","Age 6","Age 7","Age 8","Age 9","Age 10","Age 11","Age 12","Age 13","Age 14"
"Reader",1,1,1,1,1,1,1,1,1,1,1,1,1,1,1
"True_Age",0,1,2,3,4,5,6,7,8,9,10,11,12,13,14
"CV",0.304613,0.304613,0.186928,0.151232,0.13644,0.130383,0.129054,0.130781,0.134777,0.140653,0.148227,0.157435,0.168291,0.180865,0.19527
"SD",0.304613,0.304613,0.373855,0.453697,0.545761,0.651917,0.774323,0.915467,1.07822,1.26588,1.48227,1.73178,2.01949,2.35124,2.73378
"Expected_age",0.5,1.5,2.5,3.5,4.5,5.5,6.5,7.5,8.5,9.5,10.5,11.5,12.5,13.5,14.5
