"","Age 0","Age 1","Age 2","Age 3","Age 4","Age 5","Age 6","Age 7","Age 8","Age 9","Age 10","Age 11","Age 12","Age 13","Age 14"
"Reader",2,2,2,2,2,2,2,2,2,2,2,2,2,2,2
"True_Age",0,1,2,3,4,5,6,7,8,9,10,11,12,13,14
"CV",0.150597,0.150597,0.146725,0.142206,0.136931,0.130775,0.12359,0.115204,0.105417,0.0939936,0.0806612,0.0651003,0.0469388,0.0257417,0.00100193
"SD",0.150597,0.150597,0.29345,0.426617,0.547725,0.653876,0.741541,0.80643,0.843335,0.845943,0.806612,0.716104,0.563265,0.334642,0.014027
"Expected_age",0.5,1.5,2.5,3.5,4.5,5.5,6.5,7.5,8.5,9.5,10.5,11.5,12.5,13.5,14.5
