"","Age 0","Age 1","Age 2","Age 3","Age 4","Age 5","Age 6","Age 7","Age 8","Age 9","Age 10","Age 11","Age 12","Age 13","Age 14"
"Reader",1,1,1,1,1,1,1,1,1,1,1,1,1,1,1
"True_Age",0,1,2,3,4,5,6,7,8,9,10,11,12,13,14
"CV",0.127876,0.127876,0.111027,0.0976851,0.0871193,0.0787523,0.0721265,0.0668795,0.0627243,0.0594339,0.0568282,0.0547647,0.0531307,0.0518367,0.0508119
"SD",0.127876,0.127876,0.222055,0.293055,0.348477,0.393762,0.432759,0.468156,0.501795,0.534905,0.568282,0.602412,0.637568,0.673877,0.711367
"Expected_age",0.5,1.5,2.5,3.5,4.5,5.5,6.5,7.5,8.5,9.5,10.5,11.5,12.5,13.5,14.5
