"","Age 0","Age 1","Age 2","Age 3","Age 4","Age 5","Age 6","Age 7","Age 8","Age 9","Age 10","Age 11","Age 12","Age 13","Age 14"
"Reader",2,2,2,2,2,2,2,2,2,2,2,2,2,2,2
"True_Age",0,1,2,3,4,5,6,7,8,9,10,11,12,13,14
"CV",0.281886,0.281886,0.157735,0.118566,0.100972,0.0923228,0.0884603,0.087656,0.0891015,0.0924073,0.0974038,0.104053,0.112406,0.122584,0.134766
"SD",0.281886,0.281886,0.31547,0.355699,0.403889,0.461614,0.530762,0.613592,0.712812,0.831666,0.974038,1.14458,1.34887,1.59359,1.88672
"Expected_age",0.5,1.5,2.5,3.5,4.5,5.5,6.5,7.5,8.5,9.5,10.5,11.5,12.5,13.5,14.5
