"","Age 0","Age 1","Age 2","Age 3","Age 4","Age 5","Age 6","Age 7","Age 8","Age 9","Age 10","Age 11","Age 12","Age 13","Age 14"
"Reader",2,2,2,2,2,2,2,2,2,2,2,2,2,2,2
"True_Age",0,1,2,3,4,5,6,7,8,9,10,11,12,13,14
"CV",0.0114855,0.0114855,0.0114855,0.0114855,0.0114855,0.0114855,0.0114855,0.0114855,0.0114855,0.0114855,0.0114855,0.0114855,0.0114855,0.0114855,0.0114855
"SD",0.0114855,0.0114855,0.022971,0.0344565,0.045942,0.0574276,0.0689131,0.0803986,0.0918841,0.10337,0.114855,0.126341,0.137826,0.149312,0.160797
"Expected_age",0.5,1.5,2.5,3.5,4.5,5.5,6.5,7.5,8.5,9.5,10.5,11.5,12.5,13.5,14.5
