"","Age 0","Age 1","Age 2","Age 3","Age 4","Age 5","Age 6","Age 7","Age 8","Age 9","Age 10","Age 11","Age 12","Age 13","Age 14"
"Reader",1,1,1,1,1,1,1,1,1,1,1,1,1,1,1
"True_Age",0,1,2,3,4,5,6,7,8,9,10,11,12,13,14
"CV",0.263026,0.263026,0.19058,0.156644,0.140748,0.133301,0.129813,0.128179,0.127414,0.127055,0.126888,0.126809,0.126772,0.126755,0.126747
"SD",0.263026,0.263026,0.38116,0.469932,0.562991,0.666507,0.77888,0.897256,1.01931,1.1435,1.26888,1.3949,1.52126,1.64781,1.77445
"Expected_age",0.5,1.5,2.5,3.5,4.5,5.5,6.5,7.5,8.5,9.5,10.5,11.5,12.5,13.5,14.5
