"","Age 0","Age 1","Age 2","Age 3","Age 4","Age 5","Age 6","Age 7","Age 8","Age 9","Age 10","Age 11","Age 12","Age 13","Age 14"
"Reader",1,1,1,1,1,1,1,1,1,1,1,1,1,1,1
"True_Age",0,1,2,3,4,5,6,7,8,9,10,11,12,13,14
"CV",0.186959,0.186959,0.135844,0.110384,0.0977023,0.0913859,0.0882397,0.0866726,0.0858921,0.0855033,0.0853096,0.0852132,0.0851651,0.0851412,0.0851293
"SD",0.186959,0.186959,0.271687,0.331151,0.390809,0.456929,0.529438,0.606708,0.687137,0.76953,0.853096,0.937345,1.02198,1.10684,1.19181
"Expected_age",0.824151,1.64043,2.49908,3.40227,4.35234,5.35171,6.40293,7.50871,8.67187,9.89538,11.1824,12.5362,13.9602,15.4582,17.0338
