"","Age 0","Age 1","Age 2","Age 3","Age 4","Age 5","Age 6","Age 7","Age 8","Age 9","Age 10","Age 11","Age 12","Age 13","Age 14"
"Reader",1,1,1,1,1,1,1,1,1,1,1,1,1,1,1
"True_Age",0,1,2,3,4,5,6,7,8,9,10,11,12,13,14
"CV",0.255579,0.255579,0.154774,0.122275,0.106903,0.0984251,0.0934324,0.0904657,0.0887975,0.0880253,0.0879093,0.0882984,0.0890937,0.0902279,0.0916548
"SD",0.255579,0.255579,0.309548,0.366824,0.427612,0.492126,0.560594,0.63326,0.71038,0.792228,0.879093,0.971283,1.06912,1.17296,1.28317
"Expected_age",0.5,1.5,2.5,3.5,4.5,5.5,6.5,7.5,8.5,9.5,10.5,11.5,12.5,13.5,14.5
