"","Age 0","Age 1","Age 2","Age 3","Age 4","Age 5","Age 6","Age 7","Age 8","Age 9","Age 10","Age 11","Age 12","Age 13","Age 14"
"Reader",2,2,2,2,2,2,2,2,2,2,2,2,2,2,2
"True_Age",0,1,2,3,4,5,6,7,8,9,10,11,12,13,14
"CV",0.149644,0.149644,0.13504,0.121661,0.109406,0.0981785,0.0878935,0.0784717,0.0698406,0.0619338,0.0546906,0.0480553,0.0419768,0.0364084,0.0313073
"SD",0.149644,0.149644,0.27008,0.364984,0.437623,0.490892,0.527361,0.549302,0.558725,0.557404,0.546906,0.528608,0.503721,0.473309,0.438303
"Expected_age",0.5,1.5,2.5,3.5,4.5,5.5,6.5,7.5,8.5,9.5,10.5,11.5,12.5,13.5,14.5
