"","Age 0","Age 1","Age 2","Age 3","Age 4","Age 5","Age 6","Age 7","Age 8","Age 9","Age 10","Age 11","Age 12","Age 13","Age 14"
"Reader",2,2,2,2,2,2,2,2,2,2,2,2,2,2,2
"True_Age",0,1,2,3,4,5,6,7,8,9,10,11,12,13,14
"CV",0.276148,0.276148,0.138074,0.0920489,0.069036,0.055227,0.046018,0.0394325,0.034473,0.0305609,0.027283,0.024194,0.0204943,0.0142282,7.14619e-05
"SD",0.276148,0.276148,0.276148,0.276147,0.276144,0.276135,0.276108,0.276027,0.275784,0.275049,0.27283,0.266134,0.245931,0.184966,0.00100047
"Expected_age",0.5,1.5,2.5,3.5,4.5,5.5,6.5,7.5,8.5,9.5,10.5,11.5,12.5,13.5,14.5
