"","Age 0","Age 1","Age 2","Age 3","Age 4","Age 5","Age 6","Age 7","Age 8","Age 9","Age 10","Age 11","Age 12","Age 13","Age 14"
"Reader",1,1,1,1,1,1,1,1,1,1,1,1,1,1,1
"True_Age",0,1,2,3,4,5,6,7,8,9,10,11,12,13,14
"CV",0.0957714,0.0957714,0.0957714,0.0957714,0.0957714,0.0957714,0.0957714,0.0957714,0.0957714,0.0957714,0.0957714,0.0957714,0.0957714,0.0957714,0.0957714
"SD",0.0957714,0.0957714,0.191543,0.287314,0.383086,0.478857,0.574628,0.6704,0.766171,0.861942,0.957714,1.05349,1.14926,1.24503,1.3408
"Expected_age",0.5,1.5,2.5,3.5,4.5,5.5,6.5,7.5,8.5,9.5,10.5,11.5,12.5,13.5,14.5
