"","Age 0","Age 1","Age 2","Age 3","Age 4","Age 5","Age 6","Age 7","Age 8","Age 9","Age 10","Age 11","Age 12","Age 13","Age 14"
"Reader",1,1,1,1,1,1,1,1,1,1,1,1,1,1,1
"True_Age",0,1,2,3,4,5,6,7,8,9,10,11,12,13,14
"CV",0.207569,0.207569,0.188853,0.146766,0.115831,0.0943586,0.0791516,0.068008,0.0595597,0.0529592,0.047669,0.0433373,0.0397265,0.0366709,0.0340516
"SD",0.207569,0.207569,0.377707,0.440297,0.463322,0.471793,0.474909,0.476056,0.476477,0.476633,0.47669,0.476711,0.476718,0.476721,0.476722
"Expected_age",0.5,1.5,2.5,3.5,4.5,5.5,6.5,7.5,8.5,9.5,10.5,11.5,12.5,13.5,14.5
