"","Age 0","Age 1","Age 2","Age 3","Age 4","Age 5","Age 6","Age 7","Age 8","Age 9","Age 10","Age 11","Age 12","Age 13","Age 14"
"Reader",2,2,2,2,2,2,2,2,2,2,2,2,2,2,2
"True_Age",0,1,2,3,4,5,6,7,8,9,10,11,12,13,14
"CV",0.0999044,0.0999044,0.0999044,0.0999044,0.0999044,0.0999044,0.0999044,0.0999043,0.099713,0.0154021,0.00436719,0.00247922,0.00169765,0.00127031,0.00100087
"SD",0.0999044,0.0999044,0.199809,0.299713,0.399618,0.499522,0.599426,0.69933,0.797704,0.138619,0.0436719,0.0272714,0.0203718,0.0165141,0.0140122
"Expected_age",0.5,1.5,2.5,3.5,4.5,5.5,6.5,7.5,8.5,9.5,10.5,11.5,12.5,13.5,14.5
