"","Age 0","Age 1","Age 2","Age 3","Age 4","Age 5","Age 6","Age 7","Age 8","Age 9","Age 10","Age 11","Age 12","Age 13","Age 14"
"Reader",2,2,2,2,2,2,2,2,2,2,2,2,2,2,2
"True_Age",0,1,2,3,4,5,6,7,8,9,10,11,12,13,14
"CV",0.230279,0.230279,0.135376,0.079717,0.047074,0.0279294,0.0167015,0.0101165,0.00625449,0.0039895,0.00266112,0.00188205,0.00142514,0.00115717,0.00100001
"SD",0.230279,0.230279,0.270752,0.239151,0.188296,0.139647,0.100209,0.0708154,0.0500359,0.0359055,0.0266112,0.0207026,0.0171017,0.0150432,0.0140002
"Expected_age",0.5,1.5,2.5,3.5,4.5,5.5,6.5,7.5,8.5,9.5,10.5,11.5,12.5,13.5,14.5
