"","Age 0","Age 1","Age 2","Age 3","Age 4","Age 5","Age 6","Age 7","Age 8","Age 9","Age 10","Age 11","Age 12","Age 13","Age 14"
"Reader",2,2,2,2,2,2,2,2,2,2,2,2,2,2,2
"True_Age",0,1,2,3,4,5,6,7,8,9,10,11,12,13,14
"CV",0.230591,0.230591,0.171116,0.127768,0.0996032,0.0807942,0.0676693,0.0581097,0.0508806,0.0452385,0.0407184,0.037018,0.0339336,0.0313235,0.0290861
"SD",0.230591,0.230591,0.342233,0.383304,0.398413,0.403971,0.406016,0.406768,0.407045,0.407147,0.407184,0.407198,0.407203,0.407205,0.407206
"Expected_age",0.5,1.5,2.5,3.5,4.5,5.5,6.5,7.5,8.5,9.5,10.5,11.5,12.5,13.5,14.5
