"","Age 0","Age 1","Age 2","Age 3","Age 4","Age 5","Age 6","Age 7","Age 8","Age 9","Age 10","Age 11","Age 12","Age 13","Age 14"
"Reader",2,2,2,2,2,2,2,2,2,2,2,2,2,2,2
"True_Age",0,1,2,3,4,5,6,7,8,9,10,11,12,13,14
"CV",0.0472502,0.0472502,0.0472502,0.0472502,0.0472502,0.0472502,0.0472502,0.0472502,0.0472502,0.0472502,0.0472502,0.0472502,0.0472502,0.0472502,0.0472502
"SD",0.0472502,0.0472502,0.0945005,0.141751,0.189001,0.236251,0.283501,0.330752,0.378002,0.425252,0.472502,0.519753,0.567003,0.614253,0.661503
"Expected_age",0.5,1.5,2.5,3.5,4.5,5.5,6.5,7.5,8.5,9.5,10.5,11.5,12.5,13.5,14.5
