"","Age 0","Age 1","Age 2","Age 3","Age 4","Age 5","Age 6","Age 7","Age 8","Age 9","Age 10","Age 11","Age 12","Age 13","Age 14"
"Reader",1,1,1,1,1,1,1,1,1,1,1,1,1,1,1
"True_Age",0,1,2,3,4,5,6,7,8,9,10,11,12,13,14
"CV",0.215717,0.215717,0.147486,0.12228,0.108001,0.0982194,0.0907798,0.0847523,0.0796654,0.0752525,0.0713498,0.0678497,0.0646777,0.0617801,0.0591166
"SD",0.215717,0.215717,0.294973,0.366839,0.432006,0.491097,0.544679,0.593266,0.637323,0.677273,0.713498,0.746346,0.776132,0.803141,0.827632
"Expected_age",0.5,1.5,2.5,3.5,4.5,5.5,6.5,7.5,8.5,9.5,10.5,11.5,12.5,13.5,14.5
