"","Age 0","Age 1","Age 2","Age 3","Age 4","Age 5","Age 6","Age 7","Age 8","Age 9","Age 10","Age 11","Age 12","Age 13","Age 14"
"Reader",2,2,2,2,2,2,2,2,2,2,2,2,2,2,2
"True_Age",0,1,2,3,4,5,6,7,8,9,10,11,12,13,14
"CV",0.207889,0.207889,0.153236,0.122272,0.100939,0.0852732,0.0733679,0.0640971,0.0567333,0.0507823,0.0458984,0.041834,0.0384085,0.0354883,0.0329729
"SD",0.207889,0.207889,0.306471,0.366816,0.403755,0.426366,0.440207,0.44868,0.453866,0.457041,0.458984,0.460174,0.460902,0.461348,0.46162
"Expected_age",0.5,1.5,2.5,3.5,4.5,5.5,6.5,7.5,8.5,9.5,10.5,11.5,12.5,13.5,14.5
