"","Age 0","Age 1","Age 2","Age 3","Age 4","Age 5","Age 6","Age 7","Age 8","Age 9","Age 10","Age 11","Age 12","Age 13","Age 14"
"Reader",2,2,2,2,2,2,2,2,2,2,2,2,2,2,2
"True_Age",0,1,2,3,4,5,6,7,8,9,10,11,12,13,14
"CV",0.162577,0.162577,0.149934,0.137328,0.124757,0.112222,0.0997223,0.0872585,0.0748302,0.0624373,0.0500797,0.0377573,0.0254699,0.0132175,0.00100005
"SD",0.162577,0.162577,0.299869,0.411983,0.499027,0.561108,0.598334,0.61081,0.598642,0.561936,0.500797,0.41533,0.305639,0.171828,0.0140008
"Expected_age",0.5,1.5,2.5,3.5,4.5,5.5,6.5,7.5,8.5,9.5,10.5,11.5,12.5,13.5,14.5
