"","Age 0","Age 1","Age 2","Age 3","Age 4","Age 5","Age 6","Age 7","Age 8","Age 9","Age 10","Age 11","Age 12","Age 13","Age 14"
"Reader",1,1,1,1,1,1,1,1,1,1,1,1,1,1,1
"True_Age",0,1,2,3,4,5,6,7,8,9,10,11,12,13,14
"CV",0.0700002,0.0700002,0.108587,0.119737,0.124073,0.125718,0.126046,0.125643,0.124804,0.12369,0.122398,0.12099,0.119506,0.117973,0.116411
"SD",0.0700002,0.0700002,0.217173,0.359211,0.496293,0.628592,0.756275,0.879503,0.998431,1.11321,1.22398,1.33089,1.43407,1.53365,1.62975
"Expected_age",0.5,1.5,2.5,3.5,4.5,5.5,6.5,7.5,8.5,9.5,10.5,11.5,12.5,13.5,14.5
