"","Age 0","Age 1","Age 2","Age 3","Age 4","Age 5","Age 6","Age 7","Age 8","Age 9","Age 10","Age 11","Age 12","Age 13","Age 14"
"Reader",2,2,2,2,2,2,2,2,2,2,2,2,2,2,2
"True_Age",0,1,2,3,4,5,6,7,8,9,10,11,12,13,14
"CV",0.23851,0.23851,0.139871,0.0931177,0.0709576,0.0604541,0.0554756,0.0531159,0.0519974,0.0514673,0.051216,0.0510969,0.0510405,0.0510137,0.051001
"SD",0.23851,0.23851,0.279742,0.279353,0.28383,0.30227,0.332853,0.371811,0.415979,0.463206,0.51216,0.562066,0.612486,0.663178,0.714014
"Expected_age",0.5,1.5,2.5,3.5,4.5,5.5,6.5,7.5,8.5,9.5,10.5,11.5,12.5,13.5,14.5
