"","Age 0","Age 1","Age 2","Age 3","Age 4","Age 5","Age 6","Age 7","Age 8","Age 9","Age 10","Age 11","Age 12","Age 13","Age 14"
"Reader",2,2,2,2,2,2,2,2,2,2,2,2,2,2,2
"True_Age",0,1,2,3,4,5,6,7,8,9,10,11,12,13,14
"CV",0.0955766,0.0955766,0.0935609,0.0939993,0.0950815,0.0964462,0.097974,0.0996142,0.101342,0.103145,0.105014,0.106947,0.108941,0.110994,0.113106
"SD",0.0955766,0.0955766,0.187122,0.281998,0.380326,0.482231,0.587844,0.697299,0.810737,0.928302,1.05014,1.17642,1.30729,1.44292,1.58349
"Expected_age",0.5,1.5,2.5,3.5,4.5,5.5,6.5,7.5,8.5,9.5,10.5,11.5,12.5,13.5,14.5
