"","Age 0","Age 1","Age 2","Age 3","Age 4","Age 5","Age 6","Age 7","Age 8","Age 9","Age 10","Age 11","Age 12","Age 13","Age 14"
"Reader",2,2,2,2,2,2,2,2,2,2,2,2,2,2,2
"True_Age",0,1,2,3,4,5,6,7,8,9,10,11,12,13,14
"CV",0.228958,0.228958,0.168932,0.125976,0.0981665,0.0796176,0.0666804,0.0572595,0.0501358,0.0445762,0.0401222,0.036476,0.0334367,0.0308648,0.0286602
"SD",0.228958,0.228958,0.337863,0.377927,0.392666,0.398088,0.400083,0.400816,0.401086,0.401186,0.401222,0.401236,0.401241,0.401242,0.401243
"Expected_age",0.5,1.5,2.5,3.5,4.5,5.5,6.5,7.5,8.5,9.5,10.5,11.5,12.5,13.5,14.5
