"","Age 0","Age 1","Age 2","Age 3","Age 4","Age 5","Age 6","Age 7","Age 8","Age 9","Age 10","Age 11","Age 12","Age 13","Age 14"
"Reader",1,1,1,1,1,1,1,1,1,1,1,1,1,1,1
"True_Age",0,1,2,3,4,5,6,7,8,9,10,11,12,13,14
"CV",0,0,0,0,0,0,0,0,0,0,0,0,0,0,0
"SD",0,0,0,0,0,0,0,0,0,0,0,0,0,0,0
"Expected_age",0.52956,1.58868,2.6478,3.70692,4.76604,5.82516,6.88428,7.9434,9.00252,10.0616,11.1208,12.1799,13.239,14.2981,15.3572
