"","Age 0","Age 1","Age 2","Age 3","Age 4","Age 5","Age 6","Age 7","Age 8","Age 9","Age 10","Age 11","Age 12","Age 13","Age 14"
"Reader",2,2,2,2,2,2,2,2,2,2,2,2,2,2,2
"True_Age",0,1,2,3,4,5,6,7,8,9,10,11,12,13,14
"CV",0.114176,0.114176,0.144168,0.134303,0.119571,0.105574,0.0934154,0.0831361,0.0745088,0.0672621,0.0611469,0.0559535,0.0515111,0.0476825,0.0443584
"SD",0.114176,0.114176,0.288336,0.40291,0.478284,0.527871,0.560492,0.581953,0.596071,0.605359,0.611469,0.615488,0.618133,0.619873,0.621017
"Expected_age",0.5,1.5,2.5,3.5,4.5,5.5,6.5,7.5,8.5,9.5,10.5,11.5,12.5,13.5,14.5
