"","Age 0","Age 1","Age 2","Age 3","Age 4","Age 5","Age 6","Age 7","Age 8","Age 9","Age 10","Age 11","Age 12","Age 13","Age 14"
"Reader",2,2,2,2,2,2,2,2,2,2,2,2,2,2,2
"True_Age",0,1,2,3,4,5,6,7,8,9,10,11,12,13,14
"CV",0.144728,0.144728,0.131373,0.118448,0.10594,0.0938337,0.0821177,0.0707791,0.0598056,0.0491855,0.0389074,0.0289603,0.0193335,0.0100167,0.00100004
"SD",0.144728,0.144728,0.262746,0.355345,0.423758,0.469169,0.492706,0.495454,0.478445,0.442669,0.389074,0.318563,0.232002,0.130218,0.0140006
"Expected_age",0.5,1.5,2.5,3.5,4.5,5.5,6.5,7.5,8.5,9.5,10.5,11.5,12.5,13.5,14.5
