"","Age 0","Age 1","Age 2","Age 3","Age 4","Age 5","Age 6","Age 7","Age 8","Age 9","Age 10","Age 11","Age 12","Age 13","Age 14"
"Reader",2,2,2,2,2,2,2,2,2,2,2,2,2,2,2
"True_Age",0,1,2,3,4,5,6,7,8,9,10,11,12,13,14
"CV",0.170796,0.170796,0.170796,0.170796,0.170796,0.170796,0.170796,0.170796,0.170796,0.170796,0.170796,0.170796,0.170796,0.170796,0.170796
"SD",0.170796,0.170796,0.341592,0.512388,0.683184,0.85398,1.02478,1.19557,1.36637,1.53716,1.70796,1.87876,2.04955,2.22035,2.39114
"Expected_age",0.5,1.5,2.5,3.5,4.5,5.5,6.5,7.5,8.5,9.5,10.5,11.5,12.5,13.5,14.5
