"","Age 0","Age 1","Age 2","Age 3","Age 4","Age 5","Age 6","Age 7","Age 8","Age 9","Age 10","Age 11","Age 12","Age 13","Age 14"
"Reader",1,1,1,1,1,1,1,1,1,1,1,1,1,1,1
"True_Age",0,1,2,3,4,5,6,7,8,9,10,11,12,13,14
"CV",0.123319,0.123319,0.114984,0.106482,0.0978108,0.0889668,0.0799464,0.0707462,0.0613627,0.051792,0.0420306,0.0320746,0.0219202,0.0115633,0.00100002
"SD",0.123319,0.123319,0.229968,0.319446,0.391243,0.444834,0.479678,0.495224,0.490901,0.466128,0.420306,0.352821,0.263042,0.150323,0.0140003
"Expected_age",0.5,1.5,2.5,3.5,4.5,5.5,6.5,7.5,8.5,9.5,10.5,11.5,12.5,13.5,14.5
