"","Age 0","Age 1","Age 2","Age 3","Age 4","Age 5","Age 6","Age 7","Age 8","Age 9","Age 10","Age 11","Age 12","Age 13","Age 14"
"Reader",2,2,2,2,2,2,2,2,2,2,2,2,2,2,2
"True_Age",0,1,2,3,4,5,6,7,8,9,10,11,12,13,14
"CV",0.353173,0.353173,0.176586,0.117724,0.0882932,0.0706346,0.0588621,0.0504533,0.0441466,0.0392414,0.0353173,0.0321093,0.0297805,0.0734855,0.141434
"SD",0.353173,0.353173,0.353173,0.353173,0.353173,0.353173,0.353173,0.353173,0.353173,0.353173,0.353173,0.353202,0.357366,0.955311,1.98007
"Expected_age",0.5,1.5,2.5,3.5,4.5,5.5,6.5,7.5,8.5,9.5,10.5,11.5,12.5,13.5,14.5
