"","Age 0","Age 1","Age 2","Age 3","Age 4","Age 5","Age 6","Age 7","Age 8","Age 9","Age 10","Age 11","Age 12","Age 13","Age 14"
"Reader",1,1,1,1,1,1,1,1,1,1,1,1,1,1,1
"True_Age",0,1,2,3,4,5,6,7,8,9,10,11,12,13,14
"CV",0.001,0.001,0.101983,0.103109,0.0910048,0.0784821,0.0678582,0.0592571,0.0523464,0.0467592,0.0421903,0.0384053,0.0352289,0.0325305,0.0302125
"SD",0.001,0.001,0.203965,0.309326,0.364019,0.392411,0.407149,0.4148,0.418771,0.420833,0.421903,0.422459,0.422747,0.422897,0.422975
"Expected_age",0.5,1.5,2.5,3.5,4.5,5.5,6.5,7.5,8.5,9.5,10.5,11.5,12.5,13.5,14.5
