"","Age 0","Age 1","Age 2","Age 3","Age 4","Age 5","Age 6","Age 7","Age 8","Age 9","Age 10","Age 11","Age 12","Age 13","Age 14"
"Reader",2,2,2,2,2,2,2,2,2,2,2,2,2,2,2
"True_Age",0,1,2,3,4,5,6,7,8,9,10,11,12,13,14
"CV",0.149295,0.149295,0.145113,0.140615,0.135778,0.130577,0.124982,0.118967,0.112497,0.105539,0.0980568,0.0900101,0.0813564,0.0720501,0.0620419
"SD",0.149295,0.149295,0.290226,0.421845,0.543113,0.652883,0.749895,0.832766,0.899975,0.949853,0.980568,0.990111,0.976277,0.936652,0.868587
"Expected_age",0.5,1.5,2.5,3.5,4.5,5.5,6.5,7.5,8.5,9.5,10.5,11.5,12.5,13.5,14.5
