"","Age 0","Age 1","Age 2","Age 3","Age 4","Age 5","Age 6","Age 7","Age 8","Age 9","Age 10","Age 11","Age 12","Age 13","Age 14"
"Reader",2,2,2,2,2,2,2,2,2,2,2,2,2,2,2
"True_Age",0,1,2,3,4,5,6,7,8,9,10,11,12,13,14
"CV",0.284541,0.284541,0.166869,0.126384,0.105268,0.0919544,0.0825826,0.0754961,0.0698644,0.0652241,0.0612958,0.0579004,0.0549175,0.0522628,0.0498752
"SD",0.284541,0.284541,0.333737,0.379151,0.421073,0.459772,0.495496,0.528473,0.558915,0.587017,0.612958,0.636904,0.65901,0.679416,0.698253
"Expected_age",0.5,1.5,2.5,3.5,4.5,5.5,6.5,7.5,8.5,9.5,10.5,11.5,12.5,13.5,14.5
