"","Age 0","Age 1","Age 2","Age 3","Age 4","Age 5","Age 6","Age 7","Age 8","Age 9","Age 10","Age 11","Age 12","Age 13","Age 14"
"Reader",2,2,2,2,2,2,2,2,2,2,2,2,2,2,2
"True_Age",0,1,2,3,4,5,6,7,8,9,10,11,12,13,14
"CV",0.0780257,0.0780257,0.078273,0.0787842,0.0798411,0.0820263,0.0865444,0.0958859,0.1152,0.155134,0.2377,0.40841,0.761368,1.49113,2.99997
"SD",0.0780257,0.0780257,0.156546,0.236352,0.319364,0.410131,0.519266,0.671201,0.921601,1.3962,2.377,4.49252,9.13641,19.3847,41.9996
"Expected_age",0.5,1.5,2.5,3.5,4.5,5.5,6.5,7.5,8.5,9.5,10.5,11.5,12.5,13.5,14.5
