"","Age 0","Age 1","Age 2","Age 3","Age 4","Age 5","Age 6","Age 7","Age 8","Age 9","Age 10","Age 11","Age 12","Age 13","Age 14"
"Reader",2,2,2,2,2,2,2,2,2,2,2,2,2,2,2
"True_Age",0,1,2,3,4,5,6,7,8,9,10,11,12,13,14
"CV",0.132812,0.132812,0.125615,0.118022,0.110008,0.101552,0.0926284,0.0832118,0.0732749,0.0627889,0.0517235,0.0400466,0.0277245,0.0147216,0.00100011
"SD",0.132812,0.132812,0.251231,0.354065,0.440033,0.50776,0.555771,0.582483,0.586199,0.5651,0.517235,0.440513,0.332694,0.19138,0.0140015
"Expected_age",0.5,1.5,2.5,3.5,4.5,5.5,6.5,7.5,8.5,9.5,10.5,11.5,12.5,13.5,14.5
