"","Age 0","Age 1","Age 2","Age 3","Age 4","Age 5","Age 6","Age 7","Age 8","Age 9","Age 10","Age 11","Age 12","Age 13","Age 14"
"Reader",2,2,2,2,2,2,2,2,2,2,2,2,2,2,2
"True_Age",0,1,2,3,4,5,6,7,8,9,10,11,12,13,14
"CV",0.00100027,0.00100027,0.00100027,0.00100029,0.00100036,0.0010007,0.00100215,0.00100852,0.00103649,0.00115923,0.00169794,0.00406231,0.0144394,0.0599843,0.259879
"SD",0.00100027,0.00100027,0.00200054,0.00300087,0.00400146,0.00500348,0.00601288,0.00705964,0.00829188,0.010433,0.0169794,0.0446854,0.173273,0.779795,3.6383
"Expected_age",0.5,1.5,2.5,3.5,4.5,5.5,6.5,7.5,8.5,9.5,10.5,11.5,12.5,13.5,14.5
