"","Age 0","Age 1","Age 2","Age 3","Age 4","Age 5","Age 6","Age 7","Age 8","Age 9","Age 10","Age 11","Age 12","Age 13","Age 14"
"Reader",2,2,2,2,2,2,2,2,2,2,2,2,2,2,2
"True_Age",0,1,2,3,4,5,6,7,8,9,10,11,12,13,14
"CV",0.108528,0.108528,0.108528,0.108528,0.108528,0.108528,0.108528,0.108528,0.108528,0.108633,0.190508,0.272549,0.277954,0.279916,0.28093
"SD",0.108528,0.108528,0.217056,0.325584,0.434111,0.542639,0.651167,0.759695,0.868224,0.977697,1.90508,2.99804,3.33545,3.63891,3.93303
"Expected_age",0.5,1.5,2.5,3.5,4.5,5.5,6.5,7.5,8.5,9.5,10.5,11.5,12.5,13.5,14.5
