"","Age 0","Age 1","Age 2","Age 3","Age 4","Age 5","Age 6","Age 7","Age 8","Age 9","Age 10","Age 11","Age 12","Age 13","Age 14"
"Reader",1,1,1,1,1,1,1,1,1,1,1,1,1,1,1
"True_Age",0,1,2,3,4,5,6,7,8,9,10,11,12,13,14
"CV",0.248146,0.248146,0.148835,0.110671,0.0960051,0.0903693,0.0882035,0.0873712,0.0870514,0.0869285,0.0868813,0.0868631,0.0868561,0.0868535,0.0868524
"SD",0.248146,0.248146,0.29767,0.332013,0.38402,0.451846,0.529221,0.611599,0.696411,0.782356,0.868813,0.955494,1.04227,1.1291,1.21593
"Expected_age",0.5,1.5,2.5,3.5,4.5,5.5,6.5,7.5,8.5,9.5,10.5,11.5,12.5,13.5,14.5
