"","Age 0","Age 1","Age 2","Age 3","Age 4","Age 5","Age 6","Age 7","Age 8","Age 9","Age 10","Age 11","Age 12","Age 13","Age 14"
"Reader",1,1,1,1,1,1,1,1,1,1,1,1,1,1,1
"True_Age",0,1,2,3,4,5,6,7,8,9,10,11,12,13,14
"CV",0.26576,0.26576,0.180447,0.154705,0.144028,0.139527,0.138247,0.138935,0.140971,0.144021,0.147893,0.152473,0.157695,0.16352,0.169931
"SD",0.26576,0.26576,0.360893,0.464115,0.576113,0.697633,0.829484,0.972546,1.12777,1.29619,1.47893,1.67721,1.89234,2.12577,2.37904
"Expected_age",0.5,1.5,2.5,3.5,4.5,5.5,6.5,7.5,8.5,9.5,10.5,11.5,12.5,13.5,14.5
