"","Age 0","Age 1","Age 2","Age 3","Age 4","Age 5","Age 6","Age 7","Age 8","Age 9","Age 10","Age 11","Age 12","Age 13","Age 14"
"Reader",1,1,1,1,1,1,1,1,1,1,1,1,1,1,1
"True_Age",0,1,2,3,4,5,6,7,8,9,10,11,12,13,14
"CV",0.145469,0.145469,0.145469,0.145469,0.145469,0.145469,0.145469,0.145469,0.145469,0.145469,0.145469,0.145469,0.145469,0.145469,0.145469
"SD",0.145469,0.145469,0.290938,0.436407,0.581876,0.727345,0.872813,1.01828,1.16375,1.30922,1.45469,1.60016,1.74563,1.8911,2.03656
"Expected_age",0.5,1.5,2.5,3.5,4.5,5.5,6.5,7.5,8.5,9.5,10.5,11.5,12.5,13.5,14.5
