"","Age 0","Age 1","Age 2","Age 3","Age 4","Age 5","Age 6","Age 7","Age 8","Age 9","Age 10","Age 11","Age 12","Age 13","Age 14"
"Reader",2,2,2,2,2,2,2,2,2,2,2,2,2,2,2
"True_Age",0,1,2,3,4,5,6,7,8,9,10,11,12,13,14
"CV",0.001,0.001,0.104456,0.125137,0.127186,0.123104,0.116838,0.109929,0.103042,0.0964721,0.0903414,0.0846887,0.0795106,0.0747836,0.070475
"SD",0.001,0.001,0.208912,0.37541,0.508744,0.615519,0.701026,0.769501,0.824336,0.868249,0.903414,0.931576,0.954127,0.972187,0.986649
"Expected_age",0.5,1.5,2.5,3.5,4.5,5.5,6.5,7.5,8.5,9.5,10.5,11.5,12.5,13.5,14.5
