"","Age 0","Age 1","Age 2","Age 3","Age 4","Age 5","Age 6","Age 7","Age 8","Age 9","Age 10","Age 11","Age 12","Age 13","Age 14"
"Reader",2,2,2,2,2,2,2,2,2,2,2,2,2,2,2
"True_Age",0,1,2,3,4,5,6,7,8,9,10,11,12,13,14
"CV",0.254335,0.254335,0.133536,0.094185,0.0753436,0.06485,0.058676,0.0551221,0.0533673,0.0529863,0.0537579,0.0555785,0.0584209,0.062313,0.0673275
"SD",0.254335,0.254335,0.267073,0.282555,0.301374,0.32425,0.352056,0.385855,0.426939,0.476877,0.537579,0.611364,0.701051,0.810069,0.942584
"Expected_age",0.5,1.5,2.5,3.5,4.5,5.5,6.5,7.5,8.5,9.5,10.5,11.5,12.5,13.5,14.5
