"","Age 0","Age 1","Age 2","Age 3","Age 4","Age 5","Age 6","Age 7","Age 8","Age 9","Age 10","Age 11","Age 12","Age 13","Age 14"
"Reader",2,2,2,2,2,2,2,2,2,2,2,2,2,2,2
"True_Age",0,1,2,3,4,5,6,7,8,9,10,11,12,13,14
"CV",0.133863,0.133863,0.12767,0.122521,0.11824,0.114681,0.111722,0.109262,0.107217,0.105516,0.104102,0.102927,0.10195,0.101137,0.100462
"SD",0.133863,0.133863,0.25534,0.367563,0.47296,0.573405,0.670332,0.764834,0.857733,0.949646,1.04102,1.1322,1.2234,1.31479,1.40647
"Expected_age",0.5,1.5,2.5,3.5,4.5,5.5,6.5,7.5,8.5,9.5,10.5,11.5,12.5,13.5,14.5
