"","Age 0","Age 1","Age 2","Age 3","Age 4","Age 5","Age 6","Age 7","Age 8","Age 9","Age 10","Age 11","Age 12","Age 13","Age 14"
"Reader",2,2,2,2,2,2,2,2,2,2,2,2,2,2,2
"True_Age",0,1,2,3,4,5,6,7,8,9,10,11,12,13,14
"CV",0.254003,0.254003,0.132797,0.093354,0.0745294,0.0641303,0.0581291,0.0548391,0.0534597,0.0535942,0.0550578,0.0577938,0.0618339,0.0672801,0.0742983
"SD",0.254003,0.254003,0.265595,0.280062,0.298117,0.320651,0.348775,0.383873,0.427678,0.482348,0.550578,0.635732,0.742007,0.874642,1.04018
"Expected_age",0.5,1.5,2.5,3.5,4.5,5.5,6.5,7.5,8.5,9.5,10.5,11.5,12.5,13.5,14.5
