"","Age 0","Age 1","Age 2","Age 3","Age 4","Age 5","Age 6","Age 7","Age 8","Age 9","Age 10","Age 11","Age 12","Age 13","Age 14"
"Reader",2,2,2,2,2,2,2,2,2,2,2,2,2,2,2
"True_Age",0,1,2,3,4,5,6,7,8,9,10,11,12,13,14
"CV",0.126313,0.126313,0.134571,0.1231,0.109883,0.0977558,0.0872189,0.0782186,0.0705639,0.0640465,0.0584769,0.0536931,0.0495608,0.0459699,0.0428305
"SD",0.126313,0.126313,0.269143,0.369299,0.439531,0.488779,0.523313,0.54753,0.564511,0.576419,0.584769,0.590624,0.59473,0.597609,0.599628
"Expected_age",0.5,1.5,2.5,3.5,4.5,5.5,6.5,7.5,8.5,9.5,10.5,11.5,12.5,13.5,14.5
