"","Age 0","Age 1","Age 2","Age 3","Age 4","Age 5","Age 6","Age 7","Age 8","Age 9","Age 10","Age 11","Age 12","Age 13","Age 14"
"Reader",2,2,2,2,2,2,2,2,2,2,2,2,2,2,2
"True_Age",0,1,2,3,4,5,6,7,8,9,10,11,12,13,14
"CV",0.251398,0.251398,0.125699,0.0837993,0.0628495,0.0502796,0.0418997,0.035914,0.0314247,0.0279331,0.0251395,0.0228525,0.0209381,0.0192662,0.0175099
"SD",0.251398,0.251398,0.251398,0.251398,0.251398,0.251398,0.251398,0.251398,0.251398,0.251398,0.251395,0.251377,0.251258,0.250461,0.245139
"Expected_age",0.5,1.5,2.5,3.5,4.5,5.5,6.5,7.5,8.5,9.5,10.5,11.5,12.5,13.5,14.5
