"","Age 0","Age 1","Age 2","Age 3","Age 4","Age 5","Age 6","Age 7","Age 8","Age 9","Age 10","Age 11","Age 12","Age 13","Age 14"
"Reader",2,2,2,2,2,2,2,2,2,2,2,2,2,2,2
"True_Age",0,1,2,3,4,5,6,7,8,9,10,11,12,13,14
"CV",0.201596,0.201596,0.152974,0.123944,0.106612,0.096263,0.0900843,0.0863953,0.0841928,0.0828777,0.0820926,0.0816238,0.0813439,0.0811768,0.081077
"SD",0.201596,0.201596,0.305949,0.371833,0.426446,0.481315,0.540506,0.604767,0.673542,0.7459,0.820926,0.897862,0.976127,1.0553,1.13508
"Expected_age",0.5,1.5,2.5,3.5,4.5,5.5,6.5,7.5,8.5,9.5,10.5,11.5,12.5,13.5,14.5
