"","Age 0","Age 1","Age 2","Age 3","Age 4","Age 5","Age 6","Age 7","Age 8","Age 9","Age 10","Age 11","Age 12","Age 13","Age 14"
"Reader",2,2,2,2,2,2,2,2,2,2,2,2,2,2,2
"True_Age",0,1,2,3,4,5,6,7,8,9,10,11,12,13,14
"CV",0.001,0.001,0.00275955,0.00502839,0.00883364,0.0156397,0.0281555,0.0515714,0.095946,0.18091,0.344996,0.664207,1.28911,2.51915,4.95188
"SD",0.001,0.001,0.00551911,0.0150852,0.0353346,0.0781986,0.168933,0.361,0.767568,1.62819,3.44996,7.30628,15.4693,32.7489,69.3263
"Expected_age",0.5,1.5,2.5,3.5,4.5,5.5,6.5,7.5,8.5,9.5,10.5,11.5,12.5,13.5,14.5
