"","Age 0","Age 1","Age 2","Age 3","Age 4","Age 5","Age 6","Age 7","Age 8","Age 9","Age 10","Age 11","Age 12","Age 13","Age 14"
"Reader",2,2,2,2,2,2,2,2,2,2,2,2,2,2,2
"True_Age",0,1,2,3,4,5,6,7,8,9,10,11,12,13,14
"CV",0.643761,0.643761,0.294474,0.165978,0.118707,0.101317,0.0949197,0.0925662,0.0917004,0.0913819,0.0912647,0.0912216,0.0912057,0.0911999,0.0911978
"SD",0.643761,0.643761,0.588947,0.497934,0.474828,0.506585,0.569518,0.647963,0.733603,0.822437,0.912647,1.00344,1.09447,1.1856,1.27677
"Expected_age",0.5,1.5,2.5,3.5,4.5,5.5,6.5,7.5,8.5,9.5,10.5,11.5,12.5,13.5,14.5
