"","Age 0","Age 1","Age 2","Age 3","Age 4","Age 5","Age 6","Age 7","Age 8","Age 9","Age 10","Age 11","Age 12","Age 13","Age 14"
"Reader",2,2,2,2,2,2,2,2,2,2,2,2,2,2,2
"True_Age",0,1,2,3,4,5,6,7,8,9,10,11,12,13,14
"CV",0.13638,0.13638,0.129899,0.124441,0.119844,0.115973,0.112714,0.109969,0.107657,0.10571,0.104071,0.10269,0.101527,0.100548,0.0997238
"SD",0.13638,0.13638,0.259797,0.373322,0.479377,0.579867,0.676282,0.769781,0.861255,0.951391,1.04071,1.12959,1.21833,1.30713,1.39613
"Expected_age",0.5,1.5,2.5,3.5,4.5,5.5,6.5,7.5,8.5,9.5,10.5,11.5,12.5,13.5,14.5
