"","Age 0","Age 1","Age 2","Age 3","Age 4","Age 5","Age 6","Age 7","Age 8","Age 9","Age 10","Age 11","Age 12","Age 13","Age 14"
"Reader",2,2,2,2,2,2,2,2,2,2,2,2,2,2,2
"True_Age",0,1,2,3,4,5,6,7,8,9,10,11,12,13,14
"CV",0.001,0.001,0.0381071,0.0499619,0.0555115,0.0585453,0.0603261,0.0613953,0.0620233,0.0623604,0.0624966,0.0624893,0.0623764,0.0621845,0.0619323
"SD",0.001,0.001,0.0762143,0.149886,0.222046,0.292726,0.361957,0.429767,0.496187,0.561244,0.624966,0.687382,0.748517,0.808399,0.867052
"Expected_age",0.5,1.5,2.5,3.5,4.5,5.5,6.5,7.5,8.5,9.5,10.5,11.5,12.5,13.5,14.5
