"","Age 0","Age 1","Age 2","Age 3","Age 4","Age 5","Age 6","Age 7","Age 8","Age 9","Age 10","Age 11","Age 12","Age 13","Age 14"
"Reader",1,1,1,1,1,1,1,1,1,1,1,1,1,1,1
"True_Age",0,1,2,3,4,5,6,7,8,9,10,11,12,13,14
"CV",0.267666,0.267666,0.133833,0.0892221,0.0669166,0.0535332,0.044611,0.038238,0.0334584,0.029743,0.0268124,0.0252321,0.0401082,0.375654,7.14283
"SD",0.267666,0.267666,0.267666,0.267666,0.267666,0.267666,0.267666,0.267666,0.267667,0.267687,0.268124,0.277554,0.481298,4.8835,99.9996
"Expected_age",0.5,1.5,2.5,3.5,4.5,5.5,6.5,7.5,8.5,9.5,10.5,11.5,12.5,13.5,14.5
