"","Age 0","Age 1","Age 2","Age 3","Age 4","Age 5","Age 6","Age 7","Age 8","Age 9","Age 10","Age 11","Age 12","Age 13","Age 14"
"Reader",2,2,2,2,2,2,2,2,2,2,2,2,2,2,2
"True_Age",0,1,2,3,4,5,6,7,8,9,10,11,12,13,14
"CV",0.0970997,0.0970997,0.0970997,0.0970997,0.0970997,0.0970997,0.0970997,0.0970997,0.0970997,0.0970997,0.0970997,0.0970997,0.0970997,0.0970997,0.0970997
"SD",0.0970997,0.0970997,0.194199,0.291299,0.388399,0.485498,0.582598,0.679698,0.776798,0.873897,0.970997,1.0681,1.1652,1.2623,1.3594
"Expected_age",0.5,1.5,2.5,3.5,4.5,5.5,6.5,7.5,8.5,9.5,10.5,11.5,12.5,13.5,14.5
