"","Age 0","Age 1","Age 2","Age 3","Age 4","Age 5","Age 6","Age 7","Age 8","Age 9","Age 10","Age 11","Age 12","Age 13","Age 14"
"Reader",2,2,2,2,2,2,2,2,2,2,2,2,2,2,2
"True_Age",0,1,2,3,4,5,6,7,8,9,10,11,12,13,14
"CV",0.0782256,0.0782256,0.0782256,0.0782256,0.0782256,0.0782256,0.0782256,0.0782256,0.0782256,0.0782256,0.0782256,0.0782256,0.0782256,0.0782256,0.0782256
"SD",0.0782256,0.0782256,0.156451,0.234677,0.312902,0.391128,0.469353,0.547579,0.625804,0.70403,0.782256,0.860481,0.938707,1.01693,1.09516
"Expected_age",0.5,1.5,2.5,3.5,4.5,5.5,6.5,7.5,8.5,9.5,10.5,11.5,12.5,13.5,14.5
