"","Age 0","Age 1","Age 2","Age 3","Age 4","Age 5","Age 6","Age 7","Age 8","Age 9","Age 10","Age 11","Age 12","Age 13","Age 14"
"Reader",2,2,2,2,2,2,2,2,2,2,2,2,2,2,2
"True_Age",0,1,2,3,4,5,6,7,8,9,10,11,12,13,14
"CV",0.159524,0.159524,0.145911,0.120861,0.100107,0.084134,0.0719161,0.0624696,0.055048,0.0491156,0.0442927,0.0403091,0.0369712,0.0341377,0.0317044
"SD",0.159524,0.159524,0.291822,0.362582,0.400428,0.42067,0.431497,0.437287,0.440384,0.442041,0.442927,0.443401,0.443654,0.44379,0.443862
"Expected_age",0.5,1.5,2.5,3.5,4.5,5.5,6.5,7.5,8.5,9.5,10.5,11.5,12.5,13.5,14.5
