"","Age 0","Age 1","Age 2","Age 3","Age 4","Age 5","Age 6","Age 7","Age 8","Age 9","Age 10","Age 11","Age 12","Age 13","Age 14","Age 15","Age 16","Age 17","Age 18","Age 19","Age 20"
"Reader",1,1,1,1,1,1,1,1,1,1,1,1,1,1,1,1,1,1,1,1,1
"True_Age",0,1,2,3,4,5,6,7,8,9,10,11,12,13,14,15,16,17,18,19,20
"CV",0.255081,0.255081,0.154598,0.122282,0.107066,0.0987386,0.0938993,0.0910931,0.0895948,0.0890037,0.0890813,0.0896779,0.0906958,0.0920691,0.0937527,0.0957154,0.0979357,0.100399,0.103096,0.106022,0.109173
"SD",0.255081,0.255081,0.309197,0.366847,0.428264,0.493693,0.563396,0.637652,0.716759,0.801033,0.890813,0.986457,1.08835,1.1969,1.31254,1.43573,1.56697,1.70679,1.85573,2.01441,2.18345
"Expected_age",0.5,1.5,2.5,3.5,4.5,5.5,6.5,7.5,8.5,9.5,10.5,11.5,12.5,13.5,14.5,15.5,16.5,17.5,18.5,19.5,20.5
