"","Age 0","Age 1","Age 2","Age 3","Age 4","Age 5","Age 6","Age 7","Age 8","Age 9","Age 10","Age 11","Age 12","Age 13","Age 14","Age 15","Age 16","Age 17","Age 18","Age 19","Age 20"
"Reader",2,2,2,2,2,2,2,2,2,2,2,2,2,2,2,2,2,2,2,2,2
"True_Age",0,1,2,3,4,5,6,7,8,9,10,11,12,13,14,15,16,17,18,19,20
"CV",0.150316,0.150316,0.135525,0.121884,0.109305,0.0977044,0.0870062,0.0771404,0.0680422,0.0596517,0.0519141,0.0447784,0.0381979,0.0321293,0.0265329,0.0213718,0.0166123,0.0122231,0.00817534,0.0044425,0.00100007
"SD",0.150316,0.150316,0.27105,0.365653,0.43722,0.488522,0.522037,0.539983,0.544337,0.536866,0.519141,0.492562,0.458374,0.417681,0.37146,0.320577,0.265797,0.207792,0.147156,0.0844075,0.0200015
"Expected_age",0.5,1.5,2.5,3.5,4.5,5.5,6.5,7.5,8.5,9.5,10.5,11.5,12.5,13.5,14.5,15.5,16.5,17.5,18.5,19.5,20.5
