"","Age 0","Age 1","Age 2","Age 3","Age 4","Age 5","Age 6","Age 7","Age 8","Age 9","Age 10","Age 11","Age 12","Age 13","Age 14"
"Reader",1,1,1,1,1,1,1,1,1,1,1,1,1,1,1
"True_Age",0,1,2,3,4,5,6,7,8,9,10,11,12,13,14
"CV",0.260235,0.260235,0.180484,0.133469,0.105753,0.0894147,0.0797828,0.0741047,0.0707573,0.068784,0.0676208,0.066935,0.0665307,0.0662924,0.0661519
"SD",0.260235,0.260235,0.360967,0.400407,0.423014,0.447073,0.478697,0.518733,0.566059,0.619056,0.676208,0.736285,0.798369,0.861801,0.926127
"Expected_age",0.5,1.5,2.5,3.5,4.5,5.5,6.5,7.5,8.5,9.5,10.5,11.5,12.5,13.5,14.5
