"","Age 0","Age 1","Age 2","Age 3","Age 4","Age 5","Age 6","Age 7","Age 8","Age 9","Age 10","Age 11","Age 12","Age 13","Age 14"
"Reader",2,2,2,2,2,2,2,2,2,2,2,2,2,2,2
"True_Age",0,1,2,3,4,5,6,7,8,9,10,11,12,13,14
"CV",0.00100007,0.00100007,0.0468996,0.064885,0.0760667,0.084679,0.0921442,0.0990823,0.105813,0.112523,0.119334,0.126332,0.133585,0.141146,0.149065
"SD",0.00100007,0.00100007,0.0937992,0.194655,0.304267,0.423395,0.552865,0.693576,0.846504,1.01271,1.19334,1.38966,1.60302,1.8349,2.08691
"Expected_age",0.5,1.5,2.5,3.5,4.5,5.5,6.5,7.5,8.5,9.5,10.5,11.5,12.5,13.5,14.5
