"","Age 0","Age 1","Age 2","Age 3","Age 4","Age 5","Age 6","Age 7","Age 8","Age 9","Age 10","Age 11","Age 12","Age 13","Age 14"
"Reader",2,2,2,2,2,2,2,2,2,2,2,2,2,2,2
"True_Age",0,1,2,3,4,5,6,7,8,9,10,11,12,13,14
"CV",0.156753,0.156753,0.146694,0.136346,0.125703,0.114756,0.103495,0.0919116,0.079997,0.0677416,0.0551356,0.0421689,0.0288312,0.0151119,0.00100008
"SD",0.156753,0.156753,0.293387,0.409039,0.502813,0.573778,0.620968,0.643381,0.639976,0.609675,0.551356,0.463858,0.345974,0.196455,0.0140011
"Expected_age",0.5,1.5,2.5,3.5,4.5,5.5,6.5,7.5,8.5,9.5,10.5,11.5,12.5,13.5,14.5
