"","Age 0","Age 1","Age 2","Age 3","Age 4","Age 5","Age 6","Age 7","Age 8","Age 9","Age 10","Age 11","Age 12","Age 13","Age 14"
"Reader",2,2,2,2,2,2,2,2,2,2,2,2,2,2,2
"True_Age",0,1,2,3,4,5,6,7,8,9,10,11,12,13,14
"CV",0.17839,0.17839,0.191685,0.183082,0.17087,0.158421,0.146668,0.135877,0.126088,0.117254,0.109298,0.102135,0.095681,0.0898576,0.0845939
"SD",0.17839,0.17839,0.383371,0.549247,0.68348,0.792105,0.880007,0.951141,1.0087,1.05529,1.09298,1.12349,1.14817,1.16815,1.18431
"Expected_age",0.5,1.5,2.5,3.5,4.5,5.5,6.5,7.5,8.5,9.5,10.5,11.5,12.5,13.5,14.5
