"","Age 0","Age 1","Age 2","Age 3","Age 4","Age 5","Age 6","Age 7","Age 8","Age 9","Age 10","Age 11","Age 12","Age 13","Age 14","Age 15","Age 16","Age 17","Age 18","Age 19","Age 20"
"Reader",1,1,1,1,1,1,1,1,1,1,1,1,1,1,1,1,1,1,1,1,1
"True_Age",0,1,2,3,4,5,6,7,8,9,10,11,12,13,14,15,16,17,18,19,20
"CV",0.100708,0.100708,0.100708,0.100708,0.100708,0.100708,0.100708,0.100708,0.100708,0.100708,0.100708,0.100708,0.100708,0.100708,0.100708,0.100708,0.100708,0.100708,0.100708,0.100708,0.100708
"SD",0.100708,0.100708,0.201416,0.302124,0.402832,0.503541,0.604249,0.704957,0.805665,0.906373,1.00708,1.10779,1.2085,1.30921,1.40991,1.51062,1.61133,1.71204,1.81275,1.91345,2.01416
"Expected_age",0.5,1.5,2.5,3.5,4.5,5.5,6.5,7.5,8.5,9.5,10.5,11.5,12.5,13.5,14.5,15.5,16.5,17.5,18.5,19.5,20.5
