"","Age 0","Age 1","Age 2","Age 3","Age 4","Age 5","Age 6","Age 7","Age 8","Age 9","Age 10","Age 11","Age 12","Age 13","Age 14","Age 15","Age 16","Age 17","Age 18","Age 19","Age 20"
"Reader",2,2,2,2,2,2,2,2,2,2,2,2,2,2,2,2,2,2,2,2,2
"True_Age",0,1,2,3,4,5,6,7,8,9,10,11,12,13,14,15,16,17,18,19,20
"CV",0.266913,0.266913,0.18345,0.136902,0.110942,0.0964639,0.0883894,0.0838862,0.0813747,0.0799741,0.0791929,0.0787573,0.0785143,0.0783788,0.0783033,0.0782611,0.0782376,0.0782245,0.0782172,0.0782131,0.0782108
"SD",0.266913,0.266913,0.3669,0.410706,0.443768,0.482319,0.530336,0.587203,0.650998,0.719767,0.791929,0.86633,0.942172,1.01892,1.09625,1.17392,1.2518,1.32982,1.40791,1.48605,1.56422
"Expected_age",0.5,1.5,2.5,3.5,4.5,5.5,6.5,7.5,8.5,9.5,10.5,11.5,12.5,13.5,14.5,15.5,16.5,17.5,18.5,19.5,20.5
