"","Age 0","Age 1","Age 2","Age 3","Age 4","Age 5","Age 6","Age 7","Age 8","Age 9","Age 10","Age 11","Age 12","Age 13","Age 14","Age 15","Age 16","Age 17","Age 18","Age 19","Age 20"
"Reader",1,1,1,1,1,1,1,1,1,1,1,1,1,1,1,1,1,1,1,1,1
"True_Age",0,1,2,3,4,5,6,7,8,9,10,11,12,13,14,15,16,17,18,19,20
"CV",0.268704,0.268704,0.173196,0.131997,0.106915,0.089576,0.0767982,0.0670044,0.0592866,0.0530725,0.0479798,0.0437425,0.0401702,0.0371231,0.0344969,0.0322123,0.0302081,0.0284366,0.0268601,0.0254484,0.0241772
"SD",0.268704,0.268704,0.346392,0.395992,0.427661,0.44788,0.460789,0.469031,0.474293,0.477653,0.479798,0.481168,0.482042,0.4826,0.482957,0.483184,0.48333,0.483422,0.483482,0.483519,0.483544
"Expected_age",0.5,1.5,2.5,3.5,4.5,5.5,6.5,7.5,8.5,9.5,10.5,11.5,12.5,13.5,14.5,15.5,16.5,17.5,18.5,19.5,20.5
