"","Age 0","Age 1","Age 2","Age 3","Age 4","Age 5","Age 6","Age 7","Age 8","Age 9","Age 10","Age 11","Age 12","Age 13","Age 14"
"Reader",2,2,2,2,2,2,2,2,2,2,2,2,2,2,2
"True_Age",0,1,2,3,4,5,6,7,8,9,10,11,12,13,14
"CV",0.200092,0.200092,0.143179,0.106031,0.0824423,0.0668128,0.0559407,0.0480322,0.0420549,0.0373909,0.0336547,0.0305961,0.0280468,0.0258894,0.0240402
"SD",0.200092,0.200092,0.286359,0.318094,0.329769,0.334064,0.335644,0.336225,0.336439,0.336518,0.336547,0.336557,0.336561,0.336563,0.336563
"Expected_age",0.5,1.5,2.5,3.5,4.5,5.5,6.5,7.5,8.5,9.5,10.5,11.5,12.5,13.5,14.5
