"","Age 0","Age 1","Age 2","Age 3","Age 4","Age 5","Age 6","Age 7","Age 8","Age 9","Age 10","Age 11","Age 12","Age 13","Age 14"
"Reader",2,2,2,2,2,2,2,2,2,2,2,2,2,2,2
"True_Age",0,1,2,3,4,5,6,7,8,9,10,11,12,13,14
"CV",0.00100002,0.00100002,0.00418466,0.00886961,0.0157617,0.0259006,0.0408161,0.0627583,0.0950377,0.142524,0.212381,0.315149,0.466331,0.688737,1.01592
"SD",0.00100002,0.00100002,0.00836932,0.0266088,0.0630467,0.129503,0.244896,0.439308,0.760301,1.28272,2.12381,3.46664,5.59598,8.95358,14.2229
"Expected_age",0.5,1.5,2.5,3.5,4.5,5.5,6.5,7.5,8.5,9.5,10.5,11.5,12.5,13.5,14.5
