"","Age 0","Age 1","Age 2","Age 3","Age 4","Age 5","Age 6","Age 7","Age 8","Age 9","Age 10","Age 11","Age 12","Age 13","Age 14"
"Reader",2,2,2,2,2,2,2,2,2,2,2,2,2,2,2
"True_Age",0,1,2,3,4,5,6,7,8,9,10,11,12,13,14
"CV",0.236395,0.236395,0.138024,0.0807249,0.0473501,0.0279102,0.016587,0.00999162,0.00614998,0.00391233,0.00260897,0.0018498,0.0014076,0.00115004,0.00100001
"SD",0.236395,0.236395,0.276047,0.242175,0.1894,0.139551,0.0995222,0.0699413,0.0491998,0.035211,0.0260897,0.0203478,0.0168912,0.0149505,0.0140002
"Expected_age",0.5,1.5,2.5,3.5,4.5,5.5,6.5,7.5,8.5,9.5,10.5,11.5,12.5,13.5,14.5
