"","Age 0","Age 1","Age 2","Age 3","Age 4","Age 5","Age 6","Age 7","Age 8","Age 9","Age 10","Age 11","Age 12"
"Reader",1,1,1,1,1,1,1,1,1,1,1,1,1
"True_Age",0,1,2,3,4,5,6,7,8,9,10,11,12
"CV",0.205077,0.205077,0.119074,0.0909137,0.0772318,0.0693558,0.0643956,0.0611129,0.0588893,0.0573814,0.0563837,0.0557659,0.0554412
"SD",0.205077,0.205077,0.238148,0.272741,0.308927,0.346779,0.386373,0.427791,0.471114,0.516433,0.563837,0.613424,0.665294
"Expected_age",0.5,1.5,2.5,3.5,4.5,5.5,6.5,7.5,8.5,9.5,10.5,11.5,12.5
