"","Age 0","Age 1","Age 2","Age 3","Age 4","Age 5","Age 6","Age 7","Age 8","Age 9","Age 10","Age 11","Age 12","Age 13","Age 14"
"Reader",1,1,1,1,1,1,1,1,1,1,1,1,1,1,1
"True_Age",0,1,2,3,4,5,6,7,8,9,10,11,12,13,14
"CV",0.0871616,0.0871616,0.0871616,0.0871616,0.0871616,0.0871616,0.0871616,0.0871616,0.0871616,0.0871616,0.0871616,0.0871616,0.0871616,0.0871616,0.0871616
"SD",0.0871616,0.0871616,0.174323,0.261485,0.348646,0.435808,0.52297,0.610131,0.697293,0.784455,0.871616,0.958778,1.04594,1.1331,1.22026
"Expected_age",0.5,1.5,2.5,3.5,4.5,5.5,6.5,7.5,8.5,9.5,10.5,11.5,12.5,13.5,14.5
