"","Age 0","Age 1","Age 2","Age 3","Age 4","Age 5","Age 6","Age 7","Age 8","Age 9","Age 10","Age 11","Age 12","Age 13","Age 14"
"Reader",2,2,2,2,2,2,2,2,2,2,2,2,2,2,2
"True_Age",0,1,2,3,4,5,6,7,8,9,10,11,12,13,14
"CV",0.13686,0.13686,0.13686,0.13686,0.13686,0.13686,0.13686,0.13686,0.13686,0.13686,0.13686,0.13686,0.13686,0.13686,0.13686
"SD",0.13686,0.13686,0.27372,0.41058,0.54744,0.6843,0.82116,0.95802,1.09488,1.23174,1.3686,1.50546,1.64232,1.77918,1.91604
"Expected_age",0.5,1.5,2.5,3.5,4.5,5.5,6.5,7.5,8.5,9.5,10.5,11.5,12.5,13.5,14.5
