"","Age 0","Age 1","Age 2","Age 3","Age 4","Age 5","Age 6","Age 7","Age 8","Age 9","Age 10","Age 11","Age 12","Age 13","Age 14"
"Reader",2,2,2,2,2,2,2,2,2,2,2,2,2,2,2
"True_Age",0,1,2,3,4,5,6,7,8,9,10,11,12,13,14
"CV",0.231737,0.231737,0.165062,0.123863,0.0984067,0.082677,0.0729577,0.0669521,0.0632412,0.0609483,0.0595314,0.058656,0.0581151,0.0577808,0.0575743
"SD",0.231737,0.231737,0.330124,0.37159,0.393627,0.413385,0.437746,0.468664,0.50593,0.548534,0.595314,0.645216,0.697381,0.751151,0.80604
"Expected_age",0.5,1.5,2.5,3.5,4.5,5.5,6.5,7.5,8.5,9.5,10.5,11.5,12.5,13.5,14.5
