"","Age 0","Age 1","Age 2","Age 3","Age 4","Age 5","Age 6","Age 7","Age 8","Age 9","Age 10","Age 11","Age 12","Age 13","Age 14"
"Reader",2,2,2,2,2,2,2,2,2,2,2,2,2,2,2
"True_Age",0,1,2,3,4,5,6,7,8,9,10,11,12,13,14
"CV",0.232012,0.232012,0.13712,0.0926324,0.0717753,0.061997,0.0574126,0.0552634,0.0542557,0.0537833,0.0535619,0.053458,0.0534094,0.0533865,0.0533758
"SD",0.232012,0.232012,0.274241,0.277897,0.287101,0.309985,0.344476,0.386844,0.434046,0.48405,0.535619,0.588038,0.640912,0.694025,0.747262
"Expected_age",0.5,1.5,2.5,3.5,4.5,5.5,6.5,7.5,8.5,9.5,10.5,11.5,12.5,13.5,14.5
