"","Age 0","Age 1","Age 2","Age 3","Age 4","Age 5","Age 6","Age 7","Age 8","Age 9","Age 10","Age 11","Age 12","Age 13","Age 14"
"Reader",1,1,1,1,1,1,1,1,1,1,1,1,1,1,1
"True_Age",0,1,2,3,4,5,6,7,8,9,10,11,12,13,14
"CV",0.289304,0.289304,0.173097,0.129346,0.104704,0.0882903,0.0763502,0.0671924,0.0599193,0.0539976,0.0490851,0.0449487,0.0414226,0.0383854,0.0357454
"SD",0.289304,0.289304,0.346194,0.388038,0.418815,0.441452,0.458101,0.470347,0.479354,0.485979,0.490851,0.494435,0.497071,0.49901,0.500436
"Expected_age",0.5,1.5,2.5,3.5,4.5,5.5,6.5,7.5,8.5,9.5,10.5,11.5,12.5,13.5,14.5
