"","Age 0","Age 1","Age 2","Age 3","Age 4","Age 5","Age 6","Age 7","Age 8","Age 9","Age 10","Age 11","Age 12","Age 13","Age 14"
"Reader",2,2,2,2,2,2,2,2,2,2,2,2,2,2,2
"True_Age",0,1,2,3,4,5,6,7,8,9,10,11,12,13,14
"CV",0.240588,0.240588,0.134875,0.099623,0.0819855,0.0713939,0.0643254,0.05927,0.0554728,0.0525145,0.0501434,0.0481993,0.0465755,0.0451981,0.0440143
"SD",0.240588,0.240588,0.269751,0.298869,0.327942,0.35697,0.385952,0.41489,0.443783,0.472631,0.501434,0.530192,0.558906,0.587575,0.6162
"Expected_age",0.5,1.5,2.5,3.5,4.5,5.5,6.5,7.5,8.5,9.5,10.5,11.5,12.5,13.5,14.5
