"","Age 0","Age 1","Age 2","Age 3","Age 4","Age 5","Age 6","Age 7","Age 8","Age 9","Age 10","Age 11","Age 12","Age 13","Age 14"
"Reader",1,1,1,1,1,1,1,1,1,1,1,1,1,1,1
"True_Age",0,1,2,3,4,5,6,7,8,9,10,11,12,13,14
"CV",0.261498,0.261498,0.170262,0.143918,0.134268,0.131731,0.133168,0.137291,0.143511,0.151558,0.161331,0.172826,0.186108,0.201293,0.218539
"SD",0.261498,0.261498,0.340524,0.431754,0.537072,0.658653,0.799009,0.961039,1.14809,1.36402,1.61331,1.90108,2.23329,2.61681,3.05955
"Expected_age",0.5,1.5,2.5,3.5,4.5,5.5,6.5,7.5,8.5,9.5,10.5,11.5,12.5,13.5,14.5
