"","Age 0","Age 1","Age 2","Age 3","Age 4","Age 5","Age 6","Age 7","Age 8","Age 9","Age 10","Age 11","Age 12","Age 13","Age 14"
"Reader",2,2,2,2,2,2,2,2,2,2,2,2,2,2,2
"True_Age",0,1,2,3,4,5,6,7,8,9,10,11,12,13,14
"CV",0.161926,0.161926,0.1528,0.143969,0.135424,0.127157,0.119158,0.111419,0.10393,0.0966848,0.0896743,0.0828912,0.0763281,0.0699779,0.0638337
"SD",0.161926,0.161926,0.305599,0.431906,0.541698,0.635787,0.71495,0.779932,0.831443,0.870163,0.896743,0.911803,0.915937,0.909713,0.893672
"Expected_age",0.5,1.5,2.5,3.5,4.5,5.5,6.5,7.5,8.5,9.5,10.5,11.5,12.5,13.5,14.5
