"","Age 0","Age 1","Age 2","Age 3","Age 4","Age 5","Age 6","Age 7","Age 8","Age 9","Age 10","Age 11","Age 12","Age 13","Age 14"
"Reader",2,2,2,2,2,2,2,2,2,2,2,2,2,2,2
"True_Age",0,1,2,3,4,5,6,7,8,9,10,11,12,13,14
"CV",0.21391,0.21391,0.194545,0.178737,0.165833,0.1553,0.146701,0.139683,0.133953,0.129277,0.125459,0.122343,0.119799,0.117722,0.116027
"SD",0.21391,0.21391,0.389089,0.53621,0.663331,0.776498,0.880208,0.977778,1.07163,1.16349,1.25459,1.34577,1.43759,1.53039,1.62438
"Expected_age",0.5,1.5,2.5,3.5,4.5,5.5,6.5,7.5,8.5,9.5,10.5,11.5,12.5,13.5,14.5
