"","Age 0","Age 1","Age 2","Age 3","Age 4","Age 5","Age 6","Age 7","Age 8","Age 9","Age 10","Age 11","Age 12","Age 13","Age 14"
"Reader",2,2,2,2,2,2,2,2,2,2,2,2,2,2,2
"True_Age",0,1,2,3,4,5,6,7,8,9,10,11,12,13,14
"CV",0.152723,0.152723,0.136007,0.121678,0.109397,0.0988691,0.0898452,0.0821103,0.0754802,0.0697971,0.0649257,0.0607501,0.057171,0.0541031,0.0514734
"SD",0.152723,0.152723,0.272014,0.365035,0.437587,0.494345,0.539071,0.574772,0.603841,0.628173,0.649257,0.668252,0.686052,0.70334,0.720628
"Expected_age",0.5,1.5,2.5,3.5,4.5,5.5,6.5,7.5,8.5,9.5,10.5,11.5,12.5,13.5,14.5
