"","Age 0","Age 1","Age 2","Age 3","Age 4","Age 5","Age 6","Age 7","Age 8","Age 9","Age 10","Age 11","Age 12","Age 13","Age 14"
"Reader",1,1,1,1,1,1,1,1,1,1,1,1,1,1,1
"True_Age",0,1,2,3,4,5,6,7,8,9,10,11,12,13,14
"CV",0.235003,0.235003,0.162768,0.125162,0.105583,0.0953903,0.0900838,0.0873212,0.0858829,0.0851341,0.0847443,0.0845414,0.0844357,0.0843807,0.0843521
"SD",0.235003,0.235003,0.325536,0.375485,0.422333,0.476952,0.540503,0.611248,0.687063,0.766207,0.847443,0.929955,1.01323,1.09695,1.18093
"Expected_age",0.5,1.5,2.5,3.5,4.5,5.5,6.5,7.5,8.5,9.5,10.5,11.5,12.5,13.5,14.5
