"","Age 0","Age 1","Age 2","Age 3","Age 4","Age 5","Age 6","Age 7","Age 8","Age 9","Age 10","Age 11","Age 12","Age 13","Age 14"
"Reader",1,1,1,1,1,1,1,1,1,1,1,1,1,1,1
"True_Age",0,1,2,3,4,5,6,7,8,9,10,11,12,13,14
"CV",0.161084,0.161084,0.161084,0.161084,0.161084,0.161084,0.161084,0.161084,0.161084,0.161084,0.161084,0.161084,0.161084,0.161084,0.161084
"SD",0.161084,0.161084,0.322167,0.483251,0.644334,0.805418,0.966501,1.12759,1.28867,1.44975,1.61084,1.77192,1.933,2.09409,2.25517
"Expected_age",0.5,1.5,2.5,3.5,4.5,5.5,6.5,7.5,8.5,9.5,10.5,11.5,12.5,13.5,14.5
