"","Age 0","Age 1","Age 2","Age 3","Age 4","Age 5","Age 6","Age 7","Age 8","Age 9","Age 10","Age 11","Age 12","Age 13","Age 14"
"Reader",2,2,2,2,2,2,2,2,2,2,2,2,2,2,2
"True_Age",0,1,2,3,4,5,6,7,8,9,10,11,12,13,14
"CV",0.23124,0.23124,0.175979,0.133555,0.100985,0.0759815,0.0567858,0.0420492,0.0307357,0.0220502,0.0153823,0.0102633,0.00633342,0.0033164,0.00100021
"SD",0.23124,0.23124,0.351958,0.400664,0.403941,0.379907,0.340715,0.294344,0.245885,0.198452,0.153823,0.112897,0.076001,0.0431132,0.0140029
"Expected_age",0.5,1.5,2.5,3.5,4.5,5.5,6.5,7.5,8.5,9.5,10.5,11.5,12.5,13.5,14.5
