"","Age 0","Age 1","Age 2","Age 3","Age 4","Age 5","Age 6","Age 7","Age 8","Age 9","Age 10","Age 11","Age 12","Age 13","Age 14","Age 15","Age 16","Age 17","Age 18","Age 19","Age 20"
"Reader",1,1,1,1,1,1,1,1,1,1,1,1,1,1,1,1,1,1,1,1,1
"True_Age",0,1,2,3,4,5,6,7,8,9,10,11,12,13,14,15,16,17,18,19,20
"CV",0.235639,0.235639,0.162254,0.124835,0.105755,0.0960263,0.0910656,0.0885361,0.0872464,0.0865887,0.0862534,0.0860824,0.0859952,0.0859508,0.0859281,0.0859165,0.0859106,0.0859076,0.0859061,0.0859053,0.0859049
"SD",0.235639,0.235639,0.324508,0.374505,0.42302,0.480132,0.546394,0.619753,0.697971,0.779299,0.862534,0.946906,1.03194,1.11736,1.20299,1.28875,1.37457,1.46043,1.54631,1.6322,1.7181
"Expected_age",0.5,1.5,2.5,3.5,4.5,5.5,6.5,7.5,8.5,9.5,10.5,11.5,12.5,13.5,14.5,15.5,16.5,17.5,18.5,19.5,20.5
