"","Age 0","Age 1","Age 2","Age 3","Age 4","Age 5","Age 6","Age 7","Age 8","Age 9","Age 10","Age 11","Age 12","Age 13","Age 14","Age 15","Age 16","Age 17","Age 18","Age 19","Age 20"
"Reader",2,2,2,2,2,2,2,2,2,2,2,2,2,2,2,2,2,2,2,2,2
"True_Age",0,1,2,3,4,5,6,7,8,9,10,11,12,13,14,15,16,17,18,19,20
"CV",0.135733,0.135733,0.135596,0.123006,0.109917,0.0981381,0.087923,0.0791642,0.0716709,0.0652496,0.059727,0.0549553,0.0508114,0.0471932,0.044017,0.0412138,0.0387268,0.0365092,0.0345221,0.0327334,0.031116
"SD",0.135733,0.135733,0.271192,0.369019,0.439668,0.49069,0.527538,0.554149,0.573367,0.587246,0.59727,0.604509,0.609736,0.613512,0.616238,0.618207,0.61963,0.620657,0.621398,0.621934,0.622321
"Expected_age",0.5,1.5,2.5,3.5,4.5,5.5,6.5,7.5,8.5,9.5,10.5,11.5,12.5,13.5,14.5,15.5,16.5,17.5,18.5,19.5,20.5
