"","Age 0","Age 1","Age 2","Age 3","Age 4","Age 5","Age 6","Age 7","Age 8","Age 9","Age 10","Age 11","Age 12","Age 13","Age 14"
"Reader",2,2,2,2,2,2,2,2,2,2,2,2,2,2,2
"True_Age",0,1,2,3,4,5,6,7,8,9,10,11,12,13,14
"CV",0.248142,0.248142,0.175084,0.145383,0.133308,0.128399,0.126403,0.125592,0.125262,0.125128,0.125073,0.125051,0.125042,0.125039,0.125037
"SD",0.248142,0.248142,0.350168,0.436148,0.533231,0.641994,0.758419,0.879143,1.0021,1.12615,1.25073,1.37556,1.50051,1.6255,1.75052
"Expected_age",0.5,1.5,2.5,3.5,4.5,5.5,6.5,7.5,8.5,9.5,10.5,11.5,12.5,13.5,14.5
