"","Age 0","Age 1","Age 2","Age 3","Age 4","Age 5","Age 6","Age 7","Age 8","Age 9","Age 10","Age 11","Age 12","Age 13","Age 14"
"Reader",2,2,2,2,2,2,2,2,2,2,2,2,2,2,2
"True_Age",0,1,2,3,4,5,6,7,8,9,10,11,12,13,14
"CV",0.133758,0.133758,0.133758,0.133758,0.133758,0.133758,0.133758,0.133758,0.133758,0.133758,0.133758,0.133758,0.133758,0.133758,0.133758
"SD",0.133758,0.133758,0.267516,0.401274,0.535032,0.66879,0.802548,0.936307,1.07006,1.20382,1.33758,1.47134,1.6051,1.73885,1.87261
"Expected_age",0.5,1.5,2.5,3.5,4.5,5.5,6.5,7.5,8.5,9.5,10.5,11.5,12.5,13.5,14.5
