"","Age 0","Age 1","Age 2","Age 3","Age 4","Age 5","Age 6","Age 7","Age 8","Age 9","Age 10","Age 11","Age 12","Age 13","Age 14","Age 15","Age 16","Age 17","Age 18","Age 19","Age 20"
"Reader",2,2,2,2,2,2,2,2,2,2,2,2,2,2,2,2,2,2,2,2,2
"True_Age",0,1,2,3,4,5,6,7,8,9,10,11,12,13,14,15,16,17,18,19,20
"CV",0.215036,0.215036,0.147566,0.122437,0.10809,0.0981963,0.0906351,0.0844885,0.0792905,0.0747766,0.0707834,0.0672033,0.0639613,0.0610029,0.0582872,0.0557822,0.0534624,0.0513071,0.0492988,0.0474232,0.0456676
"SD",0.215036,0.215036,0.295131,0.367312,0.43236,0.490982,0.543811,0.591419,0.634324,0.67299,0.707834,0.739236,0.767535,0.793038,0.816021,0.836733,0.855399,0.87222,0.887379,0.90104,0.913352
"Expected_age",0.5,1.5,2.5,3.5,4.5,5.5,6.5,7.5,8.5,9.5,10.5,11.5,12.5,13.5,14.5,15.5,16.5,17.5,18.5,19.5,20.5
