"","Age 0","Age 1","Age 2","Age 3","Age 4","Age 5","Age 6","Age 7","Age 8","Age 9","Age 10","Age 11","Age 12","Age 13","Age 14"
"Reader",1,1,1,1,1,1,1,1,1,1,1,1,1,1,1
"True_Age",0,1,2,3,4,5,6,7,8,9,10,11,12,13,14
"CV",0.13454,0.13454,0.115543,0.0989903,0.0845663,0.0719975,0.0610453,0.0515018,0.0431857,0.0359392,0.0296248,0.0241225,0.0193279,0.01515,0.0115095
"SD",0.13454,0.13454,0.231087,0.296971,0.338265,0.359988,0.366272,0.360512,0.345486,0.323453,0.296248,0.265348,0.231935,0.19695,0.161133
"Expected_age",0.5,1.5,2.5,3.5,4.5,5.5,6.5,7.5,8.5,9.5,10.5,11.5,12.5,13.5,14.5
