"","Age 0","Age 1","Age 2","Age 3","Age 4","Age 5","Age 6","Age 7","Age 8","Age 9","Age 10","Age 11","Age 12","Age 13","Age 14"
"Reader",1,1,1,1,1,1,1,1,1,1,1,1,1,1,1
"True_Age",0,1,2,3,4,5,6,7,8,9,10,11,12,13,14
"CV",0.00100002,0.00100002,0.000501088,0.000337118,0.000262607,0.00024336,0.000320861,0.000705895,0.00222289,0.00805125,0.0305269,0.117865,0.459753,1.8067,7.14286
"SD",0.00100002,0.00100002,0.00100218,0.00101135,0.00105043,0.0012168,0.00192517,0.00494126,0.0177832,0.0724612,0.305269,1.29652,5.51704,23.4871,100
"Expected_age",0.5,1.5,2.5,3.5,4.5,5.5,6.5,7.5,8.5,9.5,10.5,11.5,12.5,13.5,14.5
