"","Age 0","Age 1","Age 2","Age 3","Age 4","Age 5","Age 6","Age 7","Age 8","Age 9","Age 10","Age 11","Age 12","Age 13","Age 14"
"Reader",2,2,2,2,2,2,2,2,2,2,2,2,2,2,2
"True_Age",0,1,2,3,4,5,6,7,8,9,10,11,12,13,14
"CV",0.216455,0.216455,0.192785,0.170587,0.149768,0.130243,0.111933,0.09476,0.0786548,0.0635508,0.0493857,0.0361012,0.0236424,0.0119581,0.00100006
"SD",0.216455,0.216455,0.38557,0.51176,0.599072,0.651217,0.671595,0.66332,0.629239,0.571958,0.493857,0.397113,0.283709,0.155455,0.0140009
"Expected_age",0.5,1.5,2.5,3.5,4.5,5.5,6.5,7.5,8.5,9.5,10.5,11.5,12.5,13.5,14.5
