"","Age 0","Age 1","Age 2","Age 3","Age 4","Age 5","Age 6","Age 7","Age 8","Age 9","Age 10","Age 11","Age 12","Age 13","Age 14"
"Reader",2,2,2,2,2,2,2,2,2,2,2,2,2,2,2
"True_Age",0,1,2,3,4,5,6,7,8,9,10,11,12,13,14
"CV",0.21688,0.21688,0.192999,0.170633,0.149686,0.130067,0.111692,0.0944835,0.0783662,0.0632712,0.0491337,0.0358929,0.023492,0.0118777,0.00100006
"SD",0.21688,0.21688,0.385998,0.511899,0.598742,0.650334,0.670154,0.661384,0.626929,0.569441,0.491337,0.394822,0.281904,0.15441,0.0140008
"Expected_age",0.5,1.5,2.5,3.5,4.5,5.5,6.5,7.5,8.5,9.5,10.5,11.5,12.5,13.5,14.5
