"","Age 0","Age 1","Age 2","Age 3","Age 4","Age 5","Age 6","Age 7","Age 8","Age 9","Age 10","Age 11","Age 12","Age 13","Age 14"
"Reader",1,1,1,1,1,1,1,1,1,1,1,1,1,1,1
"True_Age",0,1,2,3,4,5,6,7,8,9,10,11,12,13,14
"CV",0.142044,0.142044,0.125736,0.114184,0.106001,0.100203,0.0960963,0.0931869,0.0911258,0.0896658,0.0886314,0.0878987,0.0873796,0.0870119,0.0867514
"SD",0.142044,0.142044,0.251473,0.342553,0.424003,0.501016,0.576578,0.652308,0.729007,0.806992,0.886314,0.966885,1.04856,1.13115,1.21452
"Expected_age",0.5,1.5,2.5,3.5,4.5,5.5,6.5,7.5,8.5,9.5,10.5,11.5,12.5,13.5,14.5
