"","Age 0","Age 1","Age 2","Age 3","Age 4","Age 5","Age 6","Age 7","Age 8","Age 9","Age 10","Age 11","Age 12","Age 13","Age 14"
"Reader",1,1,1,1,1,1,1,1,1,1,1,1,1,1,1
"True_Age",0,1,2,3,4,5,6,7,8,9,10,11,12,13,14
"CV",0.297126,0.297126,0.195393,0.159033,0.13916,0.125988,0.116248,0.108534,0.102138,0.0966638,0.0918693,0.0875991,0.0837471,0.080238,0.0770166
"SD",0.297126,0.297126,0.390786,0.477098,0.556639,0.629939,0.69749,0.75974,0.817107,0.869974,0.918693,0.96359,1.00497,1.04309,1.07823
"Expected_age",0.5,1.5,2.5,3.5,4.5,5.5,6.5,7.5,8.5,9.5,10.5,11.5,12.5,13.5,14.5
