"","Age 0","Age 1","Age 2","Age 3","Age 4","Age 5","Age 6","Age 7","Age 8","Age 9","Age 10","Age 11","Age 12","Age 13","Age 14"
"Reader",2,2,2,2,2,2,2,2,2,2,2,2,2,2,2
"True_Age",0,1,2,3,4,5,6,7,8,9,10,11,12,13,14
"CV",0.180802,0.180802,0.149057,0.123087,0.101842,0.0844614,0.0702431,0.0586116,0.0490962,0.0413119,0.0349437,0.0297342,0.0254724,0.0219859,0.0191338
"SD",0.180802,0.180802,0.298114,0.369261,0.407366,0.422307,0.421459,0.410281,0.392769,0.371807,0.349437,0.327076,0.305669,0.285817,0.267873
"Expected_age",0.5,1.5,2.5,3.5,4.5,5.5,6.5,7.5,8.5,9.5,10.5,11.5,12.5,13.5,14.5
