"","Age 0","Age 1","Age 2","Age 3","Age 4","Age 5","Age 6","Age 7","Age 8","Age 9","Age 10","Age 11","Age 12","Age 13","Age 14"
"Reader",1,1,1,1,1,1,1,1,1,1,1,1,1,1,1
"True_Age",0,1,2,3,4,5,6,7,8,9,10,11,12,13,14
"CV",0.23575,0.23575,0.162486,0.124866,0.10555,0.0956308,0.0905377,0.0879225,0.0865797,0.0858902,0.0855361,0.0853543,0.085261,0.085213,0.0851884
"SD",0.23575,0.23575,0.324972,0.374599,0.422198,0.478154,0.543226,0.615458,0.692638,0.773012,0.855361,0.938898,1.02313,1.10777,1.19264
"Expected_age",0.5,1.5,2.5,3.5,4.5,5.5,6.5,7.5,8.5,9.5,10.5,11.5,12.5,13.5,14.5
