"","Age 0","Age 1","Age 2","Age 3","Age 4","Age 5","Age 6","Age 7","Age 8","Age 9","Age 10","Age 11","Age 12","Age 13","Age 14"
"Reader",2,2,2,2,2,2,2,2,2,2,2,2,2,2,2
"True_Age",0,1,2,3,4,5,6,7,8,9,10,11,12,13,14
"CV",0.140107,0.140107,0.135366,0.122606,0.109994,0.0987219,0.0889119,0.0804426,0.0731398,0.0668316,0.0613649,0.0566082,0.0524508,0.0488003,0.0455797
"SD",0.140107,0.140107,0.270732,0.367818,0.439977,0.493609,0.533471,0.563098,0.585118,0.601485,0.613649,0.62269,0.62941,0.634404,0.638116
"Expected_age",0.5,1.5,2.5,3.5,4.5,5.5,6.5,7.5,8.5,9.5,10.5,11.5,12.5,13.5,14.5
