"","Age 0","Age 1","Age 2","Age 3","Age 4","Age 5","Age 6","Age 7","Age 8","Age 9","Age 10","Age 11","Age 12","Age 13","Age 14"
"Reader",2,2,2,2,2,2,2,2,2,2,2,2,2,2,2
"True_Age",0,1,2,3,4,5,6,7,8,9,10,11,12,13,14
"CV",0.286281,0.286281,0.159093,0.122116,0.109764,0.109763,0.119084,0.137804,0.167777,0.21247,0.277271,0.370153,0.502717,0.691755,0.961539
"SD",0.286281,0.286281,0.318186,0.366349,0.439056,0.548814,0.714505,0.964631,1.34222,1.91223,2.77271,4.07168,6.03261,8.99282,13.4615
"Expected_age",0.5,1.5,2.5,3.5,4.5,5.5,6.5,7.5,8.5,9.5,10.5,11.5,12.5,13.5,14.5
