"","Age 0","Age 1","Age 2","Age 3","Age 4","Age 5","Age 6","Age 7","Age 8","Age 9","Age 10","Age 11","Age 12","Age 13","Age 14"
"Reader",2,2,2,2,2,2,2,2,2,2,2,2,2,2,2
"True_Age",0,1,2,3,4,5,6,7,8,9,10,11,12,13,14
"CV",0.236604,0.236604,0.138465,0.0811672,0.0477148,0.028184,0.0167812,0.0101238,0.00623692,0.00396764,0.00264275,0.00186923,0.00141762,0.00115395,0.00100001
"SD",0.236604,0.236604,0.276929,0.243502,0.190859,0.14092,0.100687,0.0708663,0.0498954,0.0357088,0.0264275,0.0205615,0.0170114,0.0150014,0.0140002
"Expected_age",0.5,1.5,2.5,3.5,4.5,5.5,6.5,7.5,8.5,9.5,10.5,11.5,12.5,13.5,14.5
