"","Age 0","Age 1","Age 2","Age 3","Age 4","Age 5","Age 6","Age 7","Age 8","Age 9","Age 10","Age 11","Age 12","Age 13","Age 14"
"Reader",2,2,2,2,2,2,2,2,2,2,2,2,2,2,2
"True_Age",0,1,2,3,4,5,6,7,8,9,10,11,12,13,14
"CV",0.00547422,0.00547422,0.00547422,0.00547422,0.00547422,0.00547422,0.00547422,0.00547422,0.00547423,0.00547438,0.00547775,0.00555236,0.00720201,0.0436794,0.850275
"SD",0.00547422,0.00547422,0.0109484,0.0164227,0.0218969,0.0273711,0.0328453,0.0383195,0.0437938,0.0492694,0.0547775,0.0610759,0.0864241,0.567832,11.9038
"Expected_age",0.5,1.5,2.5,3.5,4.5,5.5,6.5,7.5,8.5,9.5,10.5,11.5,12.5,13.5,14.5
