"","Age 0","Age 1","Age 2","Age 3","Age 4","Age 5","Age 6","Age 7","Age 8","Age 9","Age 10","Age 11","Age 12","Age 13","Age 14"
"Reader",2,2,2,2,2,2,2,2,2,2,2,2,2,2,2
"True_Age",0,1,2,3,4,5,6,7,8,9,10,11,12,13,14
"CV",0.176161,0.176161,0.169664,0.133118,0.105359,0.0859118,0.0720912,0.0619496,0.0542564,0.0482445,0.0434255,0.0394795,0.0361902,0.0334065,0.0310204
"SD",0.176161,0.176161,0.339328,0.399353,0.421435,0.429559,0.432547,0.433647,0.434051,0.4342,0.434255,0.434275,0.434282,0.434285,0.434286
"Expected_age",0.5,1.5,2.5,3.5,4.5,5.5,6.5,7.5,8.5,9.5,10.5,11.5,12.5,13.5,14.5
