"","Age 0","Age 1","Age 2","Age 3","Age 4","Age 5","Age 6","Age 7","Age 8","Age 9","Age 10","Age 11","Age 12","Age 13","Age 14"
"Reader",2,2,2,2,2,2,2,2,2,2,2,2,2,2,2
"True_Age",0,1,2,3,4,5,6,7,8,9,10,11,12,13,14
"CV",0.212541,0.212541,0.132318,0.10754,0.0967897,0.0917988,0.089825,0.0897064,0.0908751,0.0930284,0.0959974,0.0996878,0.10405,0.109063,0.114727
"SD",0.212541,0.212541,0.264636,0.32262,0.387159,0.458994,0.53895,0.627945,0.727001,0.837255,0.959974,1.09657,1.2486,1.41782,1.60617
"Expected_age",0.5,1.5,2.5,3.5,4.5,5.5,6.5,7.5,8.5,9.5,10.5,11.5,12.5,13.5,14.5
