"","Age 0","Age 1","Age 2","Age 3","Age 4","Age 5","Age 6","Age 7","Age 8","Age 9","Age 10","Age 11","Age 12","Age 13","Age 14"
"Reader",2,2,2,2,2,2,2,2,2,2,2,2,2,2,2
"True_Age",0,1,2,3,4,5,6,7,8,9,10,11,12,13,14
"CV",0.245856,0.245856,0.130599,0.0931536,0.0753006,0.065417,0.0596494,0.0563681,0.0547803,0.0544694,0.0552107,0.0568886,0.0594561,0.0629134,0.0672971
"SD",0.245856,0.245856,0.261197,0.279461,0.301202,0.327085,0.357897,0.394577,0.438242,0.490225,0.552107,0.625775,0.713474,0.817875,0.942159
"Expected_age",0.5,1.5,2.5,3.5,4.5,5.5,6.5,7.5,8.5,9.5,10.5,11.5,12.5,13.5,14.5
