"","Age 0","Age 1","Age 2","Age 3","Age 4","Age 5","Age 6","Age 7","Age 8","Age 9","Age 10","Age 11","Age 12","Age 13","Age 14"
"Reader",1,1,1,1,1,1,1,1,1,1,1,1,1,1,1
"True_Age",0,1,2,3,4,5,6,7,8,9,10,11,12,13,14
"CV",0.120256,0.120256,0.120256,0.120256,0.120256,0.120256,0.120256,0.120256,0.120256,0.120256,0.120256,0.120256,0.120256,0.120256,0.120256
"SD",0.120256,0.120256,0.240511,0.360767,0.481023,0.601279,0.721534,0.84179,0.962046,1.0823,1.20256,1.32281,1.44307,1.56332,1.68358
"Expected_age",0.5,1.5,2.5,3.5,4.5,5.5,6.5,7.5,8.5,9.5,10.5,11.5,12.5,13.5,14.5
