"","Age 0","Age 1","Age 2","Age 3","Age 4","Age 5","Age 6","Age 7","Age 8","Age 9","Age 10","Age 11","Age 12","Age 13","Age 14"
"Reader",2,2,2,2,2,2,2,2,2,2,2,2,2,2,2
"True_Age",0,1,2,3,4,5,6,7,8,9,10,11,12,13,14
"CV",0.001,0.001,0.0711829,0.0871922,0.0905261,0.0893755,0.0863941,0.082664,0.0786855,0.0747059,0.0708503,0.0671807,0.0637246,0.0604903,0.0574753
"SD",0.001,0.001,0.142366,0.261576,0.362104,0.446877,0.518365,0.578648,0.629484,0.672353,0.708503,0.738988,0.764695,0.786374,0.804655
"Expected_age",0.5,1.5,2.5,3.5,4.5,5.5,6.5,7.5,8.5,9.5,10.5,11.5,12.5,13.5,14.5
