"","Age 0","Age 1","Age 2","Age 3","Age 4","Age 5","Age 6","Age 7","Age 8","Age 9","Age 10","Age 11","Age 12","Age 13","Age 14"
"Reader",1,1,1,1,1,1,1,1,1,1,1,1,1,1,1
"True_Age",0,1,2,3,4,5,6,7,8,9,10,11,12,13,14
"CV",0.001,0.001,0.0711829,0.0871922,0.0905261,0.0893755,0.0863941,0.082664,0.0786855,0.0747059,0.0708503,0.0671807,0.0637246,0.0604903,0.0574753
"SD",0.001,0.001,0.142366,0.261576,0.362104,0.446877,0.518365,0.578648,0.629484,0.672353,0.708503,0.738988,0.764695,0.786374,0.804655
"Expected_age",-0.143723,1.00383,2.11885,3.20228,4.25501,5.2779,6.2718,7.23753,8.1759,9.08767,9.9736,10.8344,11.6709,12.4836,13.2733
