"","Age 0","Age 1","Age 2","Age 3","Age 4","Age 5","Age 6","Age 7","Age 8","Age 9","Age 10","Age 11","Age 12","Age 13","Age 14"
"Reader",2,2,2,2,2,2,2,2,2,2,2,2,2,2,2
"True_Age",0,1,2,3,4,5,6,7,8,9,10,11,12,13,14
"CV",0.267565,0.267565,0.162471,0.125258,0.105202,0.0921416,0.0826761,0.075339,0.0693898,0.0644111,0.0601477,0.0564337,0.0531554,0.0502314,0.0476018
"SD",0.267565,0.267565,0.324941,0.375774,0.420809,0.460708,0.496056,0.527373,0.555119,0.5797,0.601477,0.620771,0.637864,0.653008,0.666425
"Expected_age",0.5,1.5,2.5,3.5,4.5,5.5,6.5,7.5,8.5,9.5,10.5,11.5,12.5,13.5,14.5
