"","Age 0","Age 1","Age 2","Age 3","Age 4","Age 5","Age 6","Age 7","Age 8","Age 9","Age 10","Age 11","Age 12","Age 13","Age 14"
"Reader",2,2,2,2,2,2,2,2,2,2,2,2,2,2,2
"True_Age",0,1,2,3,4,5,6,7,8,9,10,11,12,13,14
"CV",0.228911,0.228911,0.142053,0.0982785,0.0762168,0.0650981,0.0594944,0.0566703,0.055247,0.0545297,0.0541682,0.053986,0.0538941,0.0538479,0.0538245
"SD",0.228911,0.228911,0.284107,0.294835,0.304867,0.32549,0.356967,0.396692,0.441976,0.490767,0.541682,0.593846,0.64673,0.700022,0.753544
"Expected_age",0.5,1.5,2.5,3.5,4.5,5.5,6.5,7.5,8.5,9.5,10.5,11.5,12.5,13.5,14.5
