"","Age 0","Age 1","Age 2","Age 3","Age 4","Age 5","Age 6","Age 7","Age 8","Age 9","Age 10","Age 11","Age 12","Age 13","Age 14"
"Reader",2,2,2,2,2,2,2,2,2,2,2,2,2,2,2
"True_Age",0,1,2,3,4,5,6,7,8,9,10,11,12,13,14
"CV",0.335041,0.335041,0.238395,0.18248,0.15013,0.131414,0.120586,0.114321,0.110696,0.108599,0.107386,0.106684,0.106278,0.106043,0.105907
"SD",0.335041,0.335041,0.47679,0.54744,0.60052,0.65707,0.723513,0.800246,0.88557,0.977393,1.07386,1.17353,1.27534,1.37856,1.4827
"Expected_age",0.5,1.5,2.5,3.5,4.5,5.5,6.5,7.5,8.5,9.5,10.5,11.5,12.5,13.5,14.5
