"","Age 0","Age 1","Age 2","Age 3","Age 4","Age 5","Age 6","Age 7","Age 8","Age 9","Age 10","Age 11","Age 12","Age 13","Age 14"
"Reader",2,2,2,2,2,2,2,2,2,2,2,2,2,2,2
"True_Age",0,1,2,3,4,5,6,7,8,9,10,11,12,13,14
"CV",0.146525,0.146525,0.134623,0.123771,0.113876,0.104854,0.0966284,0.0891283,0.08229,0.0760549,0.07037,0.0651866,0.0604605,0.0561514,0.0522224
"SD",0.146525,0.146525,0.269246,0.371312,0.455504,0.524271,0.579771,0.623898,0.65832,0.684494,0.7037,0.717052,0.725526,0.729968,0.731114
"Expected_age",0.5,1.5,2.5,3.5,4.5,5.5,6.5,7.5,8.5,9.5,10.5,11.5,12.5,13.5,14.5
