"","Age 0","Age 1","Age 2","Age 3","Age 4","Age 5","Age 6","Age 7","Age 8","Age 9","Age 10","Age 11","Age 12","Age 13","Age 14"
"Reader",1,1,1,1,1,1,1,1,1,1,1,1,1,1,1
"True_Age",0,1,2,3,4,5,6,7,8,9,10,11,12,13,14
"CV",0.269997,0.269997,0.172936,0.132219,0.107663,0.0906814,0.0781063,0.0684047,0.0607071,0.0544694,0.0493282,0.0450299,0.0413915,0.0382781,0.0355878
"SD",0.269997,0.269997,0.345872,0.396658,0.430653,0.453407,0.468638,0.478833,0.485657,0.490225,0.493282,0.495328,0.496698,0.497615,0.498229
"Expected_age",0.5,1.5,2.5,3.5,4.5,5.5,6.5,7.5,8.5,9.5,10.5,11.5,12.5,13.5,14.5
