"","Age 0","Age 1","Age 2","Age 3","Age 4","Age 5","Age 6","Age 7","Age 8","Age 9","Age 10","Age 11","Age 12","Age 13","Age 14"
"Reader",2,2,2,2,2,2,2,2,2,2,2,2,2,2,2
"True_Age",0,1,2,3,4,5,6,7,8,9,10,11,12,13,14
"CV",0.298367,0.298367,0.157733,0.112205,0.0906931,0.0790249,0.0725231,0.0692328,0.0682302,0.0690611,0.0715189,0.0755459,0.0811874,0.0885706,0.0978962
"SD",0.298367,0.298367,0.315466,0.336615,0.362772,0.395125,0.435139,0.48463,0.545842,0.62155,0.715189,0.831005,0.974249,1.15142,1.37055
"Expected_age",0.5,1.5,2.5,3.5,4.5,5.5,6.5,7.5,8.5,9.5,10.5,11.5,12.5,13.5,14.5
