"","Age 0","Age 1","Age 2","Age 3","Age 4","Age 5","Age 6","Age 7","Age 8","Age 9","Age 10","Age 11","Age 12","Age 13","Age 14"
"Reader",2,2,2,2,2,2,2,2,2,2,2,2,2,2,2
"True_Age",0,1,2,3,4,5,6,7,8,9,10,11,12,13,14
"CV",0.746329,0.746329,0.416762,0.315721,0.273815,0.257654,0.256634,0.266802,0.286854,0.316845,0.357721,0.411169,0.479605,0.56626,0.675325
"SD",0.746329,0.746329,0.833525,0.947163,1.09526,1.28827,1.5398,1.86762,2.29483,2.85161,3.57721,4.52286,5.75526,7.36138,9.45455
"Expected_age",0.5,1.5,2.5,3.5,4.5,5.5,6.5,7.5,8.5,9.5,10.5,11.5,12.5,13.5,14.5
