"","Age 0","Age 1","Age 2","Age 3","Age 4","Age 5","Age 6","Age 7","Age 8","Age 9","Age 10","Age 11","Age 12","Age 13","Age 14"
"Reader",2,2,2,2,2,2,2,2,2,2,2,2,2,2,2
"True_Age",0,1,2,3,4,5,6,7,8,9,10,11,12,13,14
"CV",0.254619,0.254619,0.13357,0.0940923,0.0751436,0.0645386,0.0582384,0.0545359,0.0526027,0.0520057,0.0525144,0.0540144,0.0564654,0.0598795,0.0643102
"SD",0.254619,0.254619,0.26714,0.282277,0.300574,0.322693,0.34943,0.381751,0.420822,0.468051,0.525144,0.594158,0.677585,0.778434,0.900343
"Expected_age",0.5,1.5,2.5,3.5,4.5,5.5,6.5,7.5,8.5,9.5,10.5,11.5,12.5,13.5,14.5
